timestamp,vx,vy,vz,vmag
0.0914861,0.000424195,-8.99542e-05,-4.37657e-06,0.00043365
0.162628,0.00293267,1.69784e-05,-5.64616e-05,0.00293327
0.215112,0.0058952,2.64963e-05,2.89194e-06,0.00589526
0.275891,0.00912871,5.82602e-05,1.5776e-05,0.00912891
0.336838,0.0129043,2.74966e-05,2.92713e-05,0.0129044
0.398,0.0155413,5.34977e-05,-2.14123e-05,0.0155415
0.458726,0.0143981,-3.70333e-05,2.98472e-05,0.0143982
0.519489,0.0211424,3.8515e-05,-1.46213e-05,0.0211424
0.580537,0.0244317,-1.2647e-05,3.34591e-05,0.0244317
0.641247,0.0286577,-3.48078e-05,-3.40697e-05,0.0286577
0.691903,0.0306366,-6.20093e-05,-6.90662e-05,0.0306367
0.752694,0.0350859,-0.000200484,4.14291e-05,0.0350865
0.813466,0.0280344,-2.92367e-05,-2.55641e-05,0.0280344
0.87422,0.0398612,-2.75347e-05,7.77727e-05,0.0398613
0.93503,0.0442081,-5.34148e-05,0.000108631,0.0442083
0.99582,0.0467875,-7.93737e-05,3.55932e-05,0.0467876
1.05662,0.049856,-0.000111929,-4.37596e-05,0.0498562
1.11735,0.0423097,-0.000108713,-1.41338e-05,0.0423098
1.1781,0.0561068,-9.48035e-05,-6.92904e-05,0.0561069
1.23899,0.0593418,-0.000153585,6.98814e-05,0.0593421
1.29997,0.0625215,-3.5042e-05,7.49378e-05,0.0625216
1.3607,0.0653445,-0.000118509,6.69602e-05,0.0653446
1.41161,0.0695724,-0.000293358,-2.33236e-05,0.069573
1.47252,0.0524836,-0.000112976,-3.37897e-05,0.0524838
1.53336,0.0722994,-0.000253379,5.79605e-05,0.0722998
1.59424,0.0699936,4.12091e-06,9.69887e-05,0.0699937
1.65497,0.066672,-0.000267421,1.45527e-06,0.0666725
1.71592,0.062635,-0.000197297,-5.54213e-05,0.0626353
1.77672,0.060489,-0.000132045,-2.83223e-05,0.0604891
1.83753,0.057314,-0.000170176,3.46453e-05,0.0573143
1.89847,0.0390155,9.95197e-06,0.000112221,0.0390157
1.95934,0.0508226,-6.24542e-05,2.92543e-05,0.0508227
2.02017,0.0472997,-5.06244e-05,7.81961e-05,0.0472998
2.08101,0.0447325,-3.79511e-05,-5.56747e-05,0.0447326
2.1317,0.0422088,-0.000142264,-4.45993e-05,0.0422091
2.19268,0.0284255,-3.64329e-05,3.31504e-05,0.0284255
2.2538,0.0424658,-0.000101757,-2.47776e-05,0.0424659
2.31536,0.0241046,1.56585e-05,1.05921e-05,0.0241046
2.37636,0.0290086,6.00543e-05,-3.03192e-05,0.0290087
2.43765,0.0248746,-5.66578e-05,-9.15109e-06,0.0248746
2.49856,0.0227326,-3.0904e-05,1.04324e-05,0.0227326
2.55943,0.0140683,-5.81405e-06,-3.06835e-05,0.0140683
2.62026,0.0166381,-2.69866e-05,5.62121e-05,0.0166382
2.68176,0.0134544,-1.54978e-05,-1.1759e-06,0.0134544
2.7325,0.00943638,-8.01057e-06,4.57707e-07,0.00943638
2.79339,0.00709269,2.70269e-06,2.00319e-05,0.00709272
2.85418,0.00316923,1.24221e-05,-2.02756e-05,0.00316932
2.91518,0.000747961,4.09884e-05,-5.92348e-05,0.000751421
timestamp,vx,vy,vz,vmag
4.003e-06,-1.2685e-06,1.09264e-06,2.13616e-06,2.71406e-06
0.0410649,1.27839e-06,-1.10116e-06,-2.15281e-06,2.73522e-06
0.0918333,-0.00116487,0.00016284,-6.48899e-05,0.00117799
0.152606,-0.00236181,4.16109e-05,-0.000193274,0.00237007
0.213449,-0.00612126,-6.46498e-05,6.94353e-05,0.00612199
0.274366,-0.00907196,-6.14443e-05,8.19822e-05,0.00907254
0.335187,-0.0132562,-1.59559e-05,3.68398e-05,0.0132562
0.396128,-0.0154425,-5.45549e-05,3.61187e-05,0.0154427
0.456958,-0.0193984,1.24131e-05,1.55368e-05,0.0193984
0.517747,-0.0225529,-2.3401e-05,1.11171e-05,0.0225529
0.578546,-0.0186973,2.73232e-05,4.56027e-05,0.0186974
0.639343,-0.0288129,-9.84084e-06,-9.83109e-06,0.0288129
0.700258,-0.0307182,-5.61492e-05,1.8928e-05,0.0307183
0.761504,-0.0350747,-9.45273e-05,-5.24284e-06,0.0350749
0.812151,-0.0378399,-0.000143312,2.4151e-05,0.0378402
0.872992,-0.0411657,-6.06602e-05,1.18486e-05,0.0411657
0.933716,-0.0335806,-8.48316e-05,-3.73502e-05,0.0335807
0.994557,-0.04608,-6.22068e-05,4.46687e-05,0.04608
1.05531,-0.0507001,-0.000117788,-8.38604e-05,0.0507003
1.1163,-0.0558414,-0.000109245,6.67379e-05,0.0558415
1.17715,-0.0568852,-1.42299e-05,6.12886e-05,0.0568853
1.23789,-0.0453819,-9.27595e-05,3.0086e-05,0.045382
1.29865,-0.061389,-0.000125368,2.54416e-05,0.0613891
1.35955,-0.0659958,-0.000234331,-3.54745e-05,0.0659962
1.42032,-0.0690376,-0.000178829,-9.30342e-05,0.0690379
1.48187,-0.0887601,-0.000114574,4.62569e-05,0.0887602
1.53494,-0.0542204,-0.00012656,7.56202e-05,0.0542206
1.59579,-0.0525447,1.79975e-05,2.26064e-05,0.0525447
1.65656,-0.0675215,-0.000217842,-7.43366e-05,0.0675219
1.7173,-0.0611478,-0.000226055,-1.36263e-05,0.0611483
1.77806,-0.0602246,-0.000127569,3.47318e-05,0.0602247
1.83883,-0.0553754,-6.82154e-05,0.000131335,0.0553756
1.89959,-0.0537586,-9.07292e-06,6.56649e-06,0.0537586
1.96055,-0.036714,-8.81807e-05,-2.09619e-05,0.0367141
2.01173,-0.0478789,-9.37895e-05,-2.32535e-05,0.047879
2.07291,-0.0438899,-0.000150648,-4.34142e-05,0.0438901
2.13377,-0.0420119,-7.54329e-05,8.48383e-06,0.0420119
2.19468,-0.0380443,7.15873e-06,-5.37218e-05,0.0380444
2.25544,-0.0339717,-1.79876e-05,7.98941e-05,0.0339718
2.31635,-0.0234103,5.87466e-05,-5.81482e-06,0.0234103
2.3777,-0.0353621,5.42472e-05,2.42674e-05,0.0353622
2.43862,-0.0182826,-7.64703e-05,2.57339e-05,0.0182828
2.49945,-0.0225653,-1.54775e-05,-5.28211e-05,0.0225654
2.56019,-0.0184917,-8.80439e-05,2.8873e-05,0.018492
2.62125,-0.0150974,-3.17492e-05,-3.91425e-06,0.0150975
2.6723,-0.00991441,-1.21162e-05,-1.61736e-05,0.00991444
2.73318,-0.00943719,-3.41333e-05,2.01394e-05,0.00943727
2.794,-0.0068392,-7.32317e-06,-3.41927e-05,0.00683929
2.85482,-0.00310961,-1.61686e-05,3.65572e-05,0.00310987
timestamp,vx,vy,vz,vmag
3.533e-06,7.41843e-08,1.72703e-06,1.2623e-07,1.73322e-06
0.032293,7.96268e-08,1.85373e-06,-4.90361e-06,5.24291e-06
0.0931457,-0.000538092,9.75003e-05,-8.68869e-05,0.000553713
0.153834,-0.00292616,-2.72569e-05,-1.46428e-05,0.00292633
0.214672,-0.00622098,-6.47644e-05,0.000104939,0.0062222
0.275414,-0.00669276,-5.19335e-06,-1.2629e-06,0.00669277
0.336247,-0.0121937,-4.51714e-05,3.34846e-05,0.0121938
0.397088,-0.0146038,-2.50919e-05,1.8336e-05,0.0146038
0.457784,-0.0189444,5.13969e-05,-5.44444e-05,0.0189446
0.518733,-0.0213709,-4.39285e-05,6.33762e-05,0.021371
0.579595,-0.0250105,6.46617e-05,4.33234e-05,0.0250106
0.640376,-0.0207031,2.13017e-05,-2.65807e-05,0.0207032
0.701929,-0.0305502,-9.35185e-06,4.8159e-05,0.0305502
0.752821,-0.0339872,-0.000164853,-4.5067e-05,0.0339876
0.813655,-0.0371717,-0.00010054,-5.26576e-05,0.0371719
0.874547,-0.0399087,-6.85266e-05,-9.70115e-05,0.0399089
0.935352,-0.044424,-7.06826e-05,5.11769e-05,0.0444241
0.996155,-0.0344444,4.01115e-05,0.000102993,0.0344446
1.05691,-0.0494306,-8.40999e-05,8.05378e-05,0.0494307
1.11768,-0.0526066,-0.000135149,-3.65463e-05,0.0526068
1.17841,-0.0554117,-0.000112933,-9.82799e-05,0.0554119
1.23925,-0.0623798,-0.000280985,6.66103e-05,0.0623804
1.30012,-0.0465249,0.00017613,2.132e-05,0.0465252
1.36095,-0.0648663,-0.000186489,7.13541e-05,0.0648666
1.4121,-0.0682767,-0.000342827,-6.97349e-05,0.0682776
1.47291,-0.0705535,-0.000179982,8.27696e-05,0.0705537
1.53377,-0.0722705,-9.57941e-05,8.97832e-05,0.0722706
1.59454,-0.0698015,-0.000222553,-0.00010637,0.069802
1.65541,-0.0662991,-0.000187851,1.94311e-05,0.0662994
1.71654,-0.0477317,0.000115383,0.00016462,0.0477321
1.77732,-0.0596791,-0.000199202,2.64264e-05,0.0596794
1.83812,-0.057294,-0.000243264,-0.000180278,0.0572948
1.89912,-0.0538431,-1.42394e-05,0.000105495,0.0538432
1.96001,-0.0505837,-4.91932e-05,0.000117392,0.0505839
2.02087,-0.0470307,-2.78326e-05,-7.49912e-05,0.0470308
2.08177,-0.0335021,-0.000100283,-4.55592e-05,0.0335022
2.13242,-0.0417191,-0.000121293,5.21116e-05,0.0417193
2.1932,-0.0396543,3.32318e-05,4.17072e-05,0.0396543
2.25394,-0.034866,-5.23381e-05,8.70409e-05,0.0348662
2.31464,-0.03165,4.08398e-05,-6.63513e-05,0.0316501
2.37549,-0.0223098,4.80058e-05,-1.45336e-05,0.0223099
2.43631,-0.0255689,-5.58538e-05,-0.000106709,0.0255691
2.49705,-0.0230136,-4.9589e-05,-9.23197e-05,0.0230139
2.55778,-0.0192575,-5.61131e-05,0.000129687,0.019258
2.62088,-0.0163544,8.33565e-05,-3.54029e-05,0.0163546
2.67168,-0.013313,-3.82842e-05,6.33672e-05,0.0133132
2.73242,-0.00725518,-3.98361e-05,2.14675e-05,0.00725532
2.79441,-0.00759337,-1.42199e-05,-8.25919e-06,0.00759339
2.85519,-0.00366555,-3.19733e-05,3.87814e-05,0.00366589
2.91613,-0.00133072,-3.78268e-05,1.57285e-05,0.00133135
timestamp,vx,vy,vz,vmag
2.592e-06,2.39305e-06,-8.38133e-07,-5.10514e-07,2.58646e-06
0.101751,0.000392018,-0.000128127,8.70097e-05,0.000421504
0.16271,0.00291103,-3.32931e-05,0.000162418,0.00291575
0.213491,0.00587413,6.19857e-05,-0.000146734,0.00587629
0.274354,0.00920299,6.80422e-05,-9.87769e-05,0.00920377
0.335141,0.00950719,4.32691e-05,-4.5406e-05,0.0095074
0.395933,0.0145183,4.84582e-05,-3.21643e-05,0.0145185
0.456729,0.0185301,-4.65203e-05,6.8865e-05,0.0185303
0.517496,0.0214552,8.0739e-05,-7.56021e-05,0.0214555
0.578286,0.024393,6.3906e-06,7.01018e-05,0.0243931
0.639281,0.0287107,-4.84547e-05,4.35444e-05,0.0287108
0.700138,0.0227531,-5.14247e-05,-1.83856e-05,0.0227532
0.761051,0.0339654,-0.000152102,-3.00624e-05,0.0339657
0.821821,0.0369782,-0.0001036,-3.92922e-05,0.0369783
0.872554,0.0412368,-6.90732e-06,4.68764e-05,0.0412368
0.933317,0.0428264,-2.17605e-05,0.000108029,0.0428266
0.99425,0.0460666,-9.86821e-05,8.27317e-06,0.0460667
1.05515,0.0506806,-0.000200228,-4.21183e-05,0.0506811
1.11593,0.0396235,-0.000108788,-8.54636e-05,0.0396237
1.17667,0.0553583,1.65045e-05,0.00020597,0.0553587
1.23746,0.0637378,-0.000207564,7.45902e-05,0.0637382
1.29816,0.0461962,-9.82497e-06,-0.000153531,0.0461965
1.35897,0.0649807,-0.000348317,-2.77419e-06,0.0649817
1.41976,0.0683213,3.61946e-05,0.000185158,0.0683215
1.48071,0.0705623,-7.65917e-05,5.41313e-05,0.0705624
1.54191,0.072309,-0.000318489,-0.000165533,0.0723099
1.60277,0.0702111,-2.40917e-06,0.000111789,0.0702112
1.65367,0.0665854,-0.000211289,8.03019e-05,0.0665858
1.71443,0.0478048,-0.000111291,-5.36311e-05,0.047805
1.77564,0.0599997,-0.000227878,-7.02656e-05,0.0600002
1.83649,0.0574638,-3.51936e-05,0.00016412,0.057464
1.8977,0.0539645,-3.39713e-05,5.34441e-05,0.0539645
1.95847,0.0507563,-0.000185483,-8.51917e-05,0.0507567
2.01926,0.0472106,-8.71351e-05,-5.67113e-05,0.0472107
2.08017,0.0448501,-4.63983e-05,4.29864e-05,0.0448502
2.14097,0.0307247,-1.16493e-05,0.000115098,0.0307249
2.20187,0.0385407,1.56867e-05,1.53493e-05,0.0385407
2.26286,0.0362615,-6.62859e-05,-7.95764e-06,0.0362616
2.31354,0.0317152,-1.39466e-05,3.81258e-05,0.0317152
2.37432,0.0290512,8.89292e-06,-1.73151e-05,0.0290512
2.43525,0.0190782,-9.07745e-05,-4.5632e-05,0.0190784
2.49628,0.0231367,-6.08272e-05,-1.27789e-05,0.0231368
2.55696,0.0193566,1.65711e-05,-4.75032e-06,0.0193566
2.61782,0.01998,-5.17168e-05,3.30418e-05,0.0199801
2.67923,0.00995081,-7.31956e-06,1.53732e-05,0.00995082
2.74017,0.00937896,1.40526e-05,-1.93823e-05,0.009379
2.80101,0.00573386,2.17296e-09,3.87208e-05,0.00573399
2.86192,0.00378526,1.83299e-05,-4.08669e-05,0.00378553
timestamp,vx,vy,vz,vmag
3.741e-06,-3.80746e-08,-8.86674e-07,2.9281e-06,3.05964e-06
0.0918462,2.51161e-05,0.00051015,5.92893e-05,0.000514198
0.15281,7.71654e-05,0.00287079,-2.13697e-05,0.00287191
0.213634,-2.32748e-06,0.00606838,-0.000161908,0.00607054
0.264305,-4.18556e-05,0.0095722,-1.04472e-05,0.0095723
0.325099,-1.40391e-05,0.0130147,4.97812e-05,0.0130148
0.385839,-1.59733e-05,0.0112158,-1.37535e-05,0.0112158
0.446562,-4.51202e-06,0.0185819,1.27017e-05,0.0185819
0.507549,-9.25363e-06,0.0216353,-4.0336e-05,0.0216354
0.56846,-3.51777e-06,0.0245786,0.000127072,0.0245789
0.629333,4.59496e-06,0.0289029,0.000108714,0.0289031
0.690152,-1.14429e-05,0.0307294,-0.00010057,0.0307296
0.750904,-6.01111e-06,0.0260542,-0.000172772,0.0260547
0.812111,-7.70228e-06,0.0372847,0.000207235,0.0372853
0.872892,-1.65617e-05,0.0399591,0.000245164,0.0399599
0.923648,-7.66056e-06,0.0442718,-2.69943e-05,0.0442718
0.984514,-1.11124e-05,0.0462763,0.000273671,0.0462771
1.04537,-1.94047e-05,0.0505178,-0.000215432,0.0505182
1.10617,6.05249e-07,0.0534466,0.000446964,0.0534485
1.16696,-1.93081e-05,0.0418455,-0.000168541,0.0418458
1.22784,-1.45836e-05,0.0591931,0.00030831,0.0591939
1.28893,-1.54036e-05,0.0620442,-0.000154554,0.0620444
1.34971,-1.50163e-06,0.0660171,0.000611232,0.0660199
1.4105,-2.05851e-05,0.0692453,-0.000138148,0.0692454
1.47155,-2.15058e-05,0.0705516,0.000117637,0.0705517
1.53235,-2.69299e-06,0.054205,0.000246681,0.0542056
1.59314,-9.02037e-06,0.0710169,-0.000304202,0.0710175
1.65395,-1.42571e-05,0.0656266,0.000610069,0.0656294
1.70481,-9.92824e-06,0.0636384,0.000160902,0.0636386
1.76569,-2.33134e-05,0.059335,-0.000412859,0.0593365
1.82644,-1.76755e-05,0.0566845,0.000449217,0.0566863
1.88733,-1.2532e-05,0.0405829,-0.000111643,0.0405831
1.9481,-1.22248e-05,0.0501966,0.000312418,0.0501976
2.00885,-1.34808e-05,0.0472034,-0.000114885,0.0472036
2.0696,3.27771e-06,0.0449648,0.000153627,0.0449651
2.13139,-2.11703e-05,0.0400386,3.41818e-05,0.0400386
2.19255,4.73933e-06,0.038651,-1.48927e-05,0.038651
2.25359,7.44617e-06,0.0259476,3.23538e-05,0.0259476
2.30448,-3.55276e-06,0.0333955,-9.84496e-05,0.0333957
2.36542,-8.44428e-06,0.0286135,-1.90266e-05,0.0286135
2.42653,-1.27318e-05,0.0253275,0.000156532,0.025328
2.48735,-3.43733e-06,0.0224042,9.41808e-05,0.0224044
2.54813,-9.02811e-06,0.0187937,-2.4829e-06,0.0187937
2.6089,-8.78875e-06,0.0118428,0.000161061,0.0118439
2.66997,4.51373e-06,0.0134272,-7.35353e-07,0.0134272
2.73083,-1.24376e-05,0.00957003,-1.89413e-05,0.00957006
2.79213,4.9236e-07,0.0071166,7.09866e-05,0.00711696
2.85311,-2.0508e-06,0.00324004,-8.14852e-05,0.00324107
2.9039,-2.19934e-05,0.000879838,-0.000142808,0.000891624
timestamp,vx,vy,vz,vmag
3.659e-06,-9.24382e-07,-4.84448e-07,5.19193e-07,1.16565e-06
0.0405624,-2.72398e-07,-5.12626e-06,4.3434e-06,6.72442e-06
0.10232,-4.27755e-05,-0.000928974,-0.000104641,0.000935827
0.16328,-2.90494e-05,-0.00231769,-4.51e-05,0.00231831
0.224385,1.12455e-05,-0.00595492,0.000133773,0.00595643
0.285317,3.07088e-05,-0.00920231,2.84104e-05,0.00920241
0.34609,1.03637e-05,-0.0137796,-3.39645e-06,0.0137796
0.396845,7.80701e-06,-0.0155116,0.000228568,0.0155133
0.457607,7.42846e-06,-0.0143935,-0.0001794,0.0143946
0.518367,3.75946e-06,-0.0218311,3.21417e-05,0.0218311
0.579166,2.60237e-06,-0.0245996,-0.000111891,0.0245999
0.640125,-7.46523e-06,-0.0288486,3.3118e-05,0.0288486
0.701051,1.72752e-05,-0.030699,8.66732e-05,0.0306991
0.76179,-1.2771e-05,-0.0352632,-0.000150745,0.0352636
0.82263,-1.70839e-05,-0.037878,0.000181885,0.0378785
0.883442,1.64149e-06,-0.0302099,0.000128972,0.0302102
0.944422,-2.18398e-05,-0.0438931,1.18231e-06,0.0438931
1.00549,1.0867e-05,-0.0466927,0.000174862,0.046693
1.06633,-1.46904e-05,-0.0499316,-6.75214e-05,0.0499316
1.11796,-8.62541e-06,-0.0540756,0.000240901,0.0540761
1.17893,-1.5451e-05,-0.0558951,-0.000100226,0.0558952
1.24006,-1.54972e-05,-0.0450479,0.00031688,0.045049
1.30095,-1.52023e-05,-0.0626278,-0.000144971,0.062628
1.36223,-4.48526e-06,-0.0684353,0.00037834,0.0684364
1.42302,-2.56701e-05,-0.0687702,3.33019e-05,0.0687702
1.48384,-1.14167e-06,-0.070515,0.000316788,0.0705157
1.54481,-1.25782e-05,-0.0537518,-7.83222e-05,0.0537519
1.60614,-2.9426e-05,-0.0714729,5.23978e-05,0.0714729
1.65699,-5.15619e-06,-0.0652095,0.000280036,0.0652101
1.71774,-1.46517e-05,-0.0633236,0.000110309,0.0633237
1.7785,-1.51812e-05,-0.0595312,8.20237e-05,0.0595313
1.83926,1.50364e-06,-0.0558562,0.000318706,0.0558571
1.90009,-2.05167e-05,-0.0533801,-0.000300862,0.0533809
1.96132,7.10976e-06,-0.0373775,0.000350198,0.0373792
2.02208,-1.04557e-05,-0.0478727,-2.7642e-05,0.0478727
2.08275,-1.22291e-05,-0.0439869,0.000161389,0.0439872
2.14366,8.65279e-06,-0.0406558,1.52039e-05,0.0406558
2.20449,-4.97733e-06,-0.0378509,-0.000177337,0.0378513
2.26527,1.32359e-05,-0.0344204,0.00012657,0.0344206
2.32603,1.92136e-06,-0.0231245,4.36599e-06,0.0231245
2.37688,-1.39196e-05,-0.0290832,-6.91987e-06,0.0290832
2.43772,-4.87924e-06,-0.0248291,-8.04558e-06,0.0248291
2.4986,-1.43763e-06,-0.0226787,0.000108699,0.022679
2.56124,-2.60016e-06,-0.0185621,6.60693e-05,0.0185622
2.62217,1.82536e-06,-0.0155978,-0.000110193,0.0155982
2.6829,-1.00201e-05,-0.00995906,-1.86225e-05,0.00995909
2.74466,8.93558e-06,-0.00945437,1.92443e-05,0.0094544
2.80622,-3.48465e-07,-0.00708591,-8.83327e-05,0.00708646
2.85717,7.44046e-06,-0.00357382,0.000102945,0.00357531
timestamp,vx,vy,vz,vmag
2.932e-06,-1.88065e-06,2.60591e-06,-6.5701e-07,3.28013e-06
0.0204137,2.04916e-06,1.94409e-07,-1.07086e-06,2.32026e-06
0.0816438,-3.73332e-06,-0.000389764,-0.000274592,0.000476792
0.142424,-6.89878e-06,-0.00296392,0.000107424,0.00296588
0.203151,-1.40695e-06,-0.0059417,0.000213111,0.00594552
0.264027,7.19443e-06,-0.00666886,-3.33266e-05,0.00666895
0.324858,2.44037e-06,-0.0119657,0.000155147,0.0119667
0.38572,3.75739e-06,-0.0155338,-1.38114e-05,0.0155338
0.446481,-4.84071e-06,-0.0186302,-0.000103455,0.0186305
0.507582,3.6829e-07,-0.0217959,1.67908e-05,0.0217959
0.568289,8.54634e-07,-0.0185434,-0.000115313,0.0185437
0.619163,-3.61253e-06,-0.0273142,5.90378e-06,0.0273142
0.679994,9.56785e-06,-0.0304688,0.000203569,0.0304695
0.740765,-1.05148e-05,-0.0340797,-8.1651e-05,0.0340798
0.80151,-1.73469e-05,-0.0373262,-2.69187e-05,0.0373262
0.862526,-4.84157e-06,-0.0398577,0.000240315,0.0398584
0.923571,-1.73232e-05,-0.0328334,0.000102842,0.0328336
0.984327,5.27075e-06,-0.0455421,-0.000131312,0.0455423
1.04508,-1.00614e-05,-0.0499346,0.000334806,0.0499357
1.10609,-1.67343e-05,-0.0521662,-0.000290924,0.052167
1.16686,-3.16907e-06,-0.056083,0.000501933,0.0560852
1.22772,-1.71383e-05,-0.0591755,-0.000259111,0.0591761
1.289,-4.95083e-06,-0.0623359,0.000218526,0.0623363
1.33965,-1.91288e-05,-0.0506817,3.67617e-05,0.0506817
1.40042,-3.98784e-06,-0.0681286,0.000357449,0.0681295
1.46118,-1.4004e-05,-0.07193,0.000191818,0.0719303
1.52187,-3.58066e-05,-0.0712226,-0.000106375,0.0712227
1.58261,-5.57153e-06,-0.0708472,0.000364924,0.0708481
1.64344,-1.57292e-05,-0.0496244,2.40898e-05,0.0496244
1.70418,-1.89608e-05,-0.0635163,-2.75859e-05,0.0635163
1.76492,-6.75285e-06,-0.0607704,0.000392773,0.0607716
1.82568,-1.08771e-07,-0.0565423,-0.000267937,0.0565429
1.88649,1.37172e-08,-0.0545015,0.000265188,0.0545021
1.94727,-2.20679e-05,-0.0500383,7.54449e-05,0.0500384
2.00812,3.09077e-06,-0.0361817,-6.62318e-05,0.0361818
2.0693,-1.19571e-05,-0.0450241,0.000195695,0.0450245
2.11991,1.79256e-06,-0.041348,-0.000134768,0.0413482
2.18068,-3.67073e-06,-0.0389386,0.000267712,0.0389395
2.24139,7.02405e-06,-0.0344967,-0.00011319,0.0344968
2.30214,-3.37051e-05,-0.0324158,-0.000258195,0.0324168
2.36296,6.41332e-06,-0.0212528,0.000212343,0.0212538
2.42385,1.20589e-05,-0.0270546,0.000162074,0.0270551
2.48487,-1.39378e-05,-0.0234324,3.29821e-05,0.0234324
2.54568,8.9219e-06,-0.0190231,-0.000128405,0.0190236
2.60646,-6.65216e-06,-0.0166693,3.41911e-05,0.0166694
2.66716,-2.22633e-06,-0.0130623,-1.43641e-05,0.0130623
2.72788,1.20065e-05,-0.00727718,-1.10589e-05,0.0072772
2.78883,-1.68816e-06,-0.00763224,-6.50231e-07,0.00763224
2.83944,1.33201e-05,-0.00380336,8.22438e-05,0.00380427
2.90029,3.66996e-06,-0.00133065,5.14872e-05,0.00133165
timestamp,vx,vy,vz,vmag
6.044e-06,1.36041e-06,-4.52716e-07,2.22045e-14,1.43376e-06
0.0415791,-1.64271e-06,9.38531e-07,-1.46031e-06,2.38994e-06
0.102472,1.50016e-05,0.000369932,5.39086e-06,0.000370275
0.163224,8.75442e-05,0.00285041,8.20236e-05,0.00285294
0.223958,2.44197e-05,0.00591579,-0.000170374,0.0059183
0.284744,-4.40585e-05,0.00922989,-2.75131e-05,0.00923004
0.34597,-3.87211e-05,0.0129026,4.73927e-05,0.0129027
0.396694,-2.00718e-05,0.011097,6.6732e-05,0.0110973
0.457466,6.00462e-06,0.0198144,0.000107731,0.0198147
0.518194,-8.29267e-06,0.0213614,-5.86023e-05,0.0213615
0.578887,-1.44391e-05,0.024919,-4.6428e-05,0.0249191
0.639635,1.31834e-05,0.0283219,-0.00016838,0.0283224
0.700523,-1.11427e-05,0.0229551,0.000190205,0.0229559
0.761317,1.15082e-05,0.0346534,0.00010442,0.0346535
0.822191,-1.5179e-05,0.0365229,-0.00014782,0.0365232
0.883014,-1.83321e-05,0.0407582,0.000129184,0.0407584
0.944064,-5.12022e-06,0.0437112,0.000219144,0.0437118
1.00499,-7.1056e-06,0.0467698,-0.000160649,0.0467701
1.05568,-3.28324e-07,0.0380011,0.000343576,0.0380027
1.11652,-2.12645e-05,0.0517259,-0.000183657,0.0517263
1.17741,-6.65612e-06,0.0555862,0.000405438,0.0555877
1.23815,-1.8021e-05,0.0597929,-0.000207428,0.0597933
1.29904,-1.08785e-06,0.0616273,0.000471227,0.0616291
1.36003,-2.02886e-05,0.0662765,-0.000203396,0.0662768
1.42101,7.52577e-06,0.0538987,0.000574549,0.0539017
1.4818,-2.92661e-05,0.071639,-0.000164318,0.0716392
1.54262,-7.53384e-06,0.0712129,0.000255284,0.0712134
1.60351,-1.02778e-05,0.0719824,1.95765e-06,0.0719824
1.66432,-1.47851e-05,0.064231,-0.000135887,0.0642312
1.72507,-2.82128e-06,0.0634003,0.000448537,0.0634019
1.776,-9.25716e-06,0.0451279,-0.000201265,0.0451284
1.83688,-2.00385e-05,0.0566854,0.000242716,0.056686
1.89764,-7.48572e-06,0.0537526,0.000125226,0.0537527
1.95851,-1.11751e-05,0.0508253,0.00018943,0.0508257
2.01933,-7.14659e-06,0.0469929,-0.000109618,0.0469931
2.08027,-7.72489e-06,0.0448555,0.000188795,0.0448559
2.14107,-9.10249e-06,0.0305828,-4.35749e-06,0.0305828
2.20219,8.04492e-06,0.0385426,-3.17267e-05,0.0385426
2.26316,-2.15614e-06,0.0351579,0.000107808,0.035158
2.32473,-5.47937e-06,0.0317194,-0.000174004,0.0317199
2.37544,1.32866e-06,0.0290231,6.59123e-06,0.0290231
2.43632,-8.65447e-06,0.0199582,0.000207938,0.0199593
2.4977,-5.75239e-07,0.0234393,5.41609e-05,0.0234394
2.55842,-5.42185e-06,0.018957,-1.99918e-05,0.018957
2.61928,-9.48047e-06,0.016576,8.88779e-05,0.0165762
2.68009,3.64458e-07,0.0131219,4.11387e-05,0.0131219
2.74111,-4.34644e-06,0.00948412,3.32517e-06,0.00948413
2.80187,-1.21793e-05,0.00685238,0.000114451,0.00685335
2.86271,-6.46349e-06,0.00251565,-0.000123494,0.00251869
timestamp,vx,vy,vz,vmag
2.711e-06,2.22803e-06,-1.90503e-06,2.00651e-06,3.55237e-06
0.092066,-4.32937e-06,7.00709e-06,0.000375186,0.000375277
0.15282,3.32094e-06,2.34029e-05,0.00289236,0.00289245
0.213705,-1.02731e-06,-2.39167e-05,0.00602803,0.00602808
0.274489,8.15045e-08,1.8975e-06,0.00913339,0.00913339
0.335297,3.66781e-07,8.53901e-06,0.0128864,0.0128864
0.396128,9.6159e-07,2.23867e-05,0.015503,0.015503
0.456969,-4.55027e-07,-1.05935e-05,0.0141453,0.0141453
0.517759,8.01128e-07,1.8651e-05,0.0224929,0.0224929
0.578542,-6.4858e-07,-1.50996e-05,0.0250633,0.0250633
0.629147,-5.15775e-07,-1.20077e-05,0.0283874,0.0283874
0.689924,-1.69327e-07,-2.48883e-05,0.0312043,0.0312043
0.75073,-3.90876e-06,-0.00014492,0.0261882,0.0261886
0.811611,-4.23782e-06,-9.86611e-05,0.0366674,0.0366675
0.872353,-2.37318e-07,-3.24787e-05,0.0406091,0.0406091
0.933521,-4.21504e-06,-9.81312e-05,0.0431791,0.0431792
0.995554,-3.69703e-06,-8.60711e-05,0.0474957,0.0474957
1.0567,-4.66044e-06,-0.000135447,0.0508871,0.0508873
1.11747,9.24236e-07,2.15174e-05,0.0386453,0.0386453
1.17836,-3.69998e-06,-0.000140038,0.0565476,0.0565478
1.22905,-5.48324e-06,-0.00015461,0.0587172,0.0587175
1.28987,-1.31756e-06,-0.000111528,0.0623552,0.0623553
1.35069,-8.27153e-06,-0.000273453,0.0656682,0.0656688
1.41144,-7.91824e-07,-0.0001803,0.0692054,0.0692056
1.47244,4.27238e-06,-3.52718e-05,0.0524637,0.0524637
1.53344,-1.19443e-05,-0.000337941,0.0745399,0.0745406
1.59437,-1.40482e-06,-5.97013e-05,0.0709851,0.0709851
1.6552,-4.51092e-06,-0.000179935,0.0653717,0.0653719
1.71686,-4.70407e-06,-0.000116503,0.0637118,0.0637119
1.77765,1.78029e-06,1.44806e-05,0.0595328,0.0595328
1.83845,-3.53142e-06,-0.000128932,0.0419215,0.0419217
1.88958,-3.95496e-06,-9.20847e-05,0.0541025,0.0541026
1.95053,-8.00068e-06,-0.000186283,0.0506926,0.050693
2.0113,-2.99313e-06,-6.96901e-05,0.0471888,0.0471889
2.07205,-2.84155e-06,-9.31037e-05,0.0446679,0.044668
2.13289,-5.0089e-06,-9.56894e-05,0.0400957,0.0400958
2.1938,9.26698e-08,2.15767e-06,0.0290596,0.0290596
2.25488,-7.70056e-07,-7.18307e-05,0.0350657,0.0350658
2.31572,1.81048e-06,1.5192e-05,0.0319644,0.0319644
2.37654,2.86908e-06,6.68026e-05,0.0289538,0.0289539
2.4373,1.31496e-06,-5.03038e-05,0.0248082,0.0248083
2.49807,8.32948e-07,-3.45192e-05,0.0185173,0.0185174
2.55948,2.21379e-06,-2.93833e-05,0.0189571,0.0189572
2.61014,-1.26218e-06,-2.93889e-05,0.0166323,0.0166323
2.67089,2.66522e-07,-2.07584e-05,0.0131126,0.0131126
2.73167,-4.76569e-07,-3.20297e-05,0.00933482,0.00933488
2.79253,1.31942e-06,-2.32049e-05,0.00682409,0.00682413
2.85332,-7.69662e-07,3.01635e-06,0.00304047,0.00304048
timestamp,vx,vy,vz,vmag
4.602e-06,-1.11817e-06,8.9231e-07,-2.9378e-06,3.2676e-06
0.0408586,4.4959e-08,1.04687e-06,2.12258e-06,2.36714e-06
0.101792,1.22051e-07,-2.41568e-05,-0.000489935,0.000490531
0.152463,-2.12579e-06,-7.04402e-05,-0.00292084,0.00292169
0.213267,-3.19683e-07,1.34991e-05,-0.00599282,0.00599283
0.274079,3.71777e-06,3.26445e-05,-0.00889296,0.00889302
0.334937,-1.42339e-06,2.07975e-05,-0.0130033,0.0130033
0.395769,2.98182e-06,1.55507e-05,-0.0151806,0.0151806
0.456689,-1.66974e-06,1.5085e-05,-0.0194812,0.0194812
0.517534,3.3498e-06,-2.86128e-06,-0.0163737,0.0163737
0.578954,1.5742e-06,9.67881e-06,-0.0265932,0.0265932
0.639765,-3.04245e-07,-7.08448e-06,-0.0284566,0.0284566
0.700665,7.86926e-07,-2.61824e-06,-0.0313013,0.0313013
0.761536,-4.3529e-07,1.07919e-05,-0.0262264,0.0262264
0.812913,-4.23164e-06,-0.000119468,-0.0366874,0.0366876
0.873772,-6.78245e-06,-0.000157932,-0.0406757,0.040676
0.934486,-4.6142e-06,-0.000107444,-0.0436183,0.0436185
0.995277,-3.58531e-06,-8.34854e-05,-0.0470299,0.04703
1.05607,-2.53053e-06,-5.89244e-05,-0.0501578,0.0501578
1.11693,-8.05842e-06,-0.000166694,-0.0539549,0.0539551
1.1777,-1.30523e-06,-3.42659e-06,-0.0412897,0.0412897
1.23848,-7.46333e-06,-0.000173787,-0.0599002,0.0599005
1.29933,-7.76622e-07,-1.80839e-05,-0.0614225,0.0614225
1.36022,-1.98451e-06,-4.62099e-05,-0.0664773,0.0664774
1.42154,-1.21869e-05,-0.000256792,-0.0681656,0.0681661
1.47227,-7.74327e-06,-0.000180304,-0.0720196,0.0720198
1.53305,-9.85108e-06,-0.000229385,-0.0538958,0.0538963
1.59387,-6.01e-06,-8.60134e-05,-0.0702906,0.0702907
1.65455,-9.67662e-06,-0.000225322,-0.0664127,0.0664131
1.71526,-6.0824e-06,-0.00011466,-0.0625311,0.0625312
1.77602,-7.37298e-06,-0.00017168,-0.060313,0.0603132
1.83698,-8.83286e-06,-0.000151702,-0.0554998,0.0555
1.89773,1.16433e-07,2.96749e-05,-0.0409137,0.0409137
1.95857,-5.9791e-06,-0.000139223,-0.0506512,0.0506514
2.01939,-1.11004e-06,-2.58472e-05,-0.0473273,0.0473273
2.08021,-6.2886e-06,-9.25032e-05,-0.0446707,0.0446708
2.14102,-5.69883e-06,-0.000105734,-0.0401129,0.040113
2.20186,-1.30998e-06,2.34195e-05,-0.0379559,0.0379559
2.25253,-4.53974e-06,-7.17772e-05,-0.0257417,0.0257418
2.31336,1.8563e-06,4.32228e-05,-0.032564,0.032564
2.3741,-2.87094e-07,4.02439e-05,-0.0286124,0.0286124
2.435,-3.56609e-06,-4.91357e-05,-0.0252842,0.0252842
2.49579,-1.86608e-06,-4.34503e-05,-0.0224959,0.0224959
2.55668,-3.04542e-06,-7.09102e-05,-0.0194512,0.0194514
2.61761,7.89757e-08,-5.13955e-06,-0.0121205,0.0121205
2.67845,-3.71554e-06,-2.56342e-05,-0.0135351,0.0135351
2.73922,-1.08187e-06,-3.21692e-05,-0.00908598,0.00908603
2.80008,2.4274e-07,5.65198e-06,-0.00691935,0.00691935
2.86084,-9.82812e-07,-2.28839e-05,-0.00315579,0.00315588
timestamp,vx,vy,vz,vmag
3.189e-06,2.38996e-07,-1.44927e-06,3.47497e-06,3.77265e-06
0.0310509,2.36152e-06,1.15109e-06,1.34876e-06,2.95312e-06
0.0920679,-2.3164e-06,2.71185e-05,-0.00044606,0.000446889
0.153073,3.52518e-07,8.20781e-06,-0.00295815,0.00295816
0.213834,-2.94665e-07,-6.86079e-06,-0.00406263,0.00406263
0.27474,1.68743e-06,1.23342e-05,-0.00860436,0.00860437
0.335513,-8.4167e-07,-1.9597e-05,-0.0118716,0.0118716
0.386282,-3.44726e-07,-8.02639e-06,-0.0144714,0.0144714
0.447102,-3.49707e-07,-8.14238e-06,-0.018843,0.0188431
0.507917,-1.74245e-06,-1.36015e-05,-0.0210893,0.0210893
0.568734,1.81563e-06,1.53144e-05,-0.0185041,0.0185041
0.629544,3.58858e-07,8.35545e-06,-0.0365978,0.0365978
0.690643,-8.56061e-07,-1.9932e-05,-0.0223583,0.0223584
0.751472,-8.8469e-06,-0.000205986,-0.0344899,0.0344905
0.812247,-2.52251e-06,-7.97045e-05,-0.0366712,0.0366713
0.872993,2.9115e-06,6.77896e-05,-0.0303721,0.0303722
0.933932,-6.41682e-06,-0.000149405,-0.0429897,0.04299
0.994836,-1.93524e-06,-2.41083e-05,-0.0454527,0.0454527
1.05565,-2.28376e-06,-7.41188e-05,-0.0503953,0.0503954
1.11659,-4.02076e-06,-9.36171e-05,-0.0518207,0.0518208
1.1673,-6.44503e-06,-0.000150062,-0.0564153,0.0564155
1.22813,-8.82764e-06,-0.000178574,-0.0432617,0.043262
1.289,-6.63198e-06,-0.000133477,-0.0618379,0.0618381
1.34975,-9.79347e-06,-0.000228025,-0.0648551,0.0648555
1.41056,-4.71638e-06,-0.000136778,-0.0681679,0.0681681
1.47137,-4.55994e-06,-0.000106171,-0.0708964,0.0708965
1.53211,-9.38641e-06,-0.000218548,-0.0721865,0.0721869
1.59291,-4.17484e-06,-0.000144138,-0.0699888,0.0699889
1.65376,-6.62976e-06,-0.000161346,-0.0530437,0.0530439
1.71448,-6.43853e-06,-0.000149912,-0.0634865,0.0634867
1.77534,-7.03044e-06,-0.000163694,-0.0598468,0.0598471
1.82632,-4.41925e-06,-0.000129799,-0.0572674,0.0572675
1.88706,-5.12605e-06,-9.2387e-05,-0.0538851,0.0538852
1.94789,-4.63824e-06,-0.000107995,-0.0508203,0.0508204
2.00872,-2.34098e-06,-5.45064e-05,-0.036272,0.036272
2.06944,-8.0399e-06,-0.000187197,-0.0443014,0.0443017
2.13032,-8.50012e-07,-1.97913e-05,-0.0427643,0.0427643
2.1913,-2.72897e-06,-8.44723e-05,-0.0378282,0.0378283
2.25208,-3.17196e-06,-7.98749e-05,-0.035017,0.0350171
2.31285,9.85247e-07,4.99056e-05,-0.0246002,0.0246002
2.37367,2.31553e-06,5.39138e-05,-0.0289226,0.0289226
2.43447,5.8352e-07,1.35864e-05,-0.0263146,0.0263146
2.49524,-4.58407e-08,-2.80148e-05,-0.023164,0.023164
2.55622,-2.4656e-06,-5.74082e-05,-0.0194249,0.019425
2.60691,-1.29823e-06,-3.02274e-05,-0.0165671,0.0165671
2.66765,-1.93011e-06,-4.49399e-05,-0.0132178,0.0132179
2.72846,-3.96303e-07,-6.31814e-05,-0.00747069,0.00747096
2.78922,9.63816e-08,2.24413e-06,-0.00785868,0.00785868
2.85002,2.31133e-07,5.38165e-06,-0.00385655,0.00385656
2.91094,-2.89414e-06,-1.34805e-05,-0.00146145,0.00146151
timestamp,vx,vy,vz,vmag
0.0405808,9.19304e-07,4.84645e-07,-5.1024e-07,1.15773e-06
0.101546,1.04306e-06,4.52367e-05,0.000679723,0.000681228
0.152286,-6.04525e-07,-3.50208e-05,0.00362666,0.00362683
0.213196,-2.85454e-06,-4.55258e-05,0.00718069,0.00718084
0.274044,-8.08402e-07,-3.97626e-05,0.00700073,0.00700085
0.334854,9.78504e-07,4.36798e-05,0.0128243,0.0128244
0.395674,2.38566e-06,5.55473e-05,0.015502,0.0155021
0.456439,-1.73779e-06,-4.04623e-05,0.0191289,0.019129
0.517105,2.45559e-07,5.71755e-06,0.0226648,0.0226648
0.577837,6.80805e-07,1.58517e-05,0.0248766,0.0248766
0.638624,-6.81051e-07,-1.58575e-05,0.0219374,0.0219374
0.699376,2.76345e-07,-2.05286e-05,0.032721,0.032721
0.760214,-7.55303e-06,-0.000175864,0.0352071,0.0352075
0.820986,-1.53008e-06,-3.56261e-05,0.0377636,0.0377636
0.882058,-9.67992e-07,-2.25386e-05,0.0412581,0.0412581
0.933321,-5.04232e-06,-0.000117405,0.0336495,0.0336497
0.994224,-3.80423e-07,-8.85772e-06,0.0459916,0.0459916
1.055,-9.15362e-06,-0.000213132,0.0500133,0.0500137
1.11603,-5.07558e-06,-0.000139126,0.0538324,0.0538326
1.17685,-2.74069e-06,-6.38137e-05,0.055838,0.055838
1.23759,-8.89447e-06,-0.000186152,0.0609987,0.060999
1.29833,-3.44793e-06,-8.0281e-05,0.0623791,0.0623791
1.35914,-6.41129e-06,-0.000149279,0.0499103,0.0499105
1.41987,-5.62719e-06,-0.000131023,0.0692285,0.0692286
1.48068,-8.7608e-06,-0.000203985,0.0708729,0.0708732
1.54157,-9.68999e-06,-0.00022562,0.0722667,0.072267
1.59221,-5.97093e-06,-0.000192943,0.0689816,0.0689819
1.65299,-4.04601e-06,-4.03099e-05,0.0490702,0.0490702
1.71378,-9.00632e-06,-0.00026364,0.0657658,0.0657664
1.77471,-1.94484e-06,-4.52837e-05,0.0590975,0.0590975
1.8356,-8.63072e-06,-0.000200958,0.0563655,0.0563659
1.8966,-6.74822e-06,-0.000157126,0.053021,0.0530213
1.95754,-2.83121e-06,-6.59218e-05,0.0501418,0.0501418
2.01848,-4.35025e-06,-0.000101291,0.0351901,0.0351902
2.07954,-8.32844e-07,-1.93919e-05,0.0438498,0.0438498
2.14041,-5.6461e-06,-0.000131464,0.040918,0.0409182
2.20123,-2.96751e-07,-6.90954e-06,0.037633,0.037633
2.25221,1.43622e-07,3.34409e-06,0.0343658,0.0343658
2.31301,-2.79408e-07,4.76416e-07,0.0307534,0.0307534
2.37373,1.1463e-06,1.9706e-05,0.0285874,0.0285874
2.43462,-3.58985e-06,-2.96931e-05,0.0178606,0.0178606
2.49544,-2.58939e-06,-5.33095e-05,0.022773,0.0227731
2.55633,4.14726e-07,2.67241e-06,0.0185004,0.0185004
2.6171,1.30606e-06,-4.34134e-05,0.0156795,0.0156795
2.67786,-1.89683e-06,-1.71758e-05,0.0131322,0.0131322
2.73868,-9.84872e-07,-2.29318e-05,0.00662035,0.00662039
2.79949,1.03901e-06,-9.73482e-06,0.00676397,0.00676398
2.86025,3.58029e-07,8.33638e-06,0.00305855,0.00305856
timestamp,vx,vy,vz,vmag
3.797e-06,3.80834e-08,8.86743e-07,-2.92858e-06,3.06012e-06
0.0306197,-2.84321e-07,3.57301e-07,-2.39929e-06,2.44236e-06
0.0915118,-0.000181031,-0.000203386,-0.000152196,0.000311932
0.152289,-0.00173992,-0.00171064,-0.00168785,0.00296689
0.21314,-0.00339896,-0.00346757,-0.00331626,0.00588001
0.274685,-0.00531623,-0.00532197,-0.00534832,0.00922985
0.325367,-0.00744848,-0.00737208,-0.00746768,0.0128683
0.3861,-0.00899549,-0.00891983,-0.00895158,0.0155117
0.446907,-0.00829739,-0.00828483,-0.00831916,0.0143768
0.507892,-0.0121458,-0.012203,-0.012158,0.0210772
0.568678,-0.0143462,-0.0144299,-0.0144972,0.024984
0.629473,-0.0163114,-0.0163855,-0.0163661,0.0283266
0.690543,-0.0179166,-0.0178462,-0.0178136,0.0309325
0.751414,-0.0159929,-0.0160587,-0.0159672,0.0277237
0.812281,-0.0211012,-0.0212429,-0.0213496,0.036774
0.873229,-0.0233933,-0.0235109,-0.0235816,0.0406952
0.933967,-0.025187,-0.025211,-0.0249324,0.0434926
0.995034,-0.0270573,-0.0272408,-0.0271638,0.0470322
1.04571,-0.0288131,-0.0289069,-0.0287026,0.0498963
1.10663,-0.0228583,-0.0229912,-0.0227445,0.0396031
1.16738,-0.0324056,-0.0327213,-0.0326931,0.0564769
1.22823,-0.0339626,-0.0339963,-0.0335477,0.058606
1.28914,-0.0359799,-0.0363428,-0.0363211,0.0627262
1.3501,-0.0376654,-0.0377648,-0.0374713,0.065184
1.41093,-0.0400451,-0.0403107,-0.0400735,0.0695302
1.47169,-0.0308891,-0.0309764,-0.0308961,0.053556
1.53266,-0.0408823,-0.0411779,-0.0409024,0.0709929
1.59349,-0.0404557,-0.0406222,-0.0407054,0.0703119
1.65429,-0.0382153,-0.0383298,-0.037932,0.066094
1.71532,-0.0360107,-0.036265,-0.0363238,0.0627003
1.766,-0.034813,-0.0347835,-0.0344182,0.0600537
1.83739,-0.0252008,-0.0255658,-0.025545,0.0440595
1.88805,-0.0314921,-0.0314748,-0.0313388,0.0544475
1.94885,-0.0287359,-0.0289387,-0.0288513,0.0499559
2.00997,-0.0275777,-0.0275894,-0.0274931,0.0477239
2.07078,-0.031546,-0.0317345,-0.0317003,0.0548374
2.13257,-0.0172592,-0.0174036,-0.0172646,0.0299805
2.19335,-0.0168015,-0.0166721,-0.0166512,0.0289399
2.25414,-0.0198601,-0.0199484,-0.0198079,0.0344197
2.31521,-0.0187134,-0.018741,-0.0189485,0.0325647
2.36596,-0.0165448,-0.016428,-0.0164024,0.028507
2.42678,-0.0142372,-0.0142906,-0.0142043,0.0246715
2.48767,-0.013079,-0.0132007,-0.0131669,0.0227747
2.54855,-0.00814983,-0.00821304,-0.00811113,0.0141303
2.60958,-0.00952652,-0.00959939,-0.00968031,0.0166316
2.67044,-0.00774101,-0.00773415,-0.00767427,0.0133654
2.73128,-0.00545758,-0.00543364,-0.00540303,0.00940757
2.79232,-0.00427639,-0.0042105,-0.00428713,0.00737531
2.85314,-0.00140749,-0.00145407,-0.00133632,0.0024251
timestamp,vx,vy,vz,vmag
4.012e-06,2.86893e-06,1.30557e-06,-1.78861e-06,3.62414e-06
0.0307551,-2.53662e-06,1.16329e-06,-2.22045e-14,2.79064e-06
0.0918263,0.000482245,0.000519517,0.000730021,0.00101754
0.152654,0.00136221,0.00129809,0.00144946,0.0023752
0.213642,0.00341946,0.00345326,0.00324622,0.00584428
0.274414,0.00532086,0.00534585,0.0052621,0.0091967
0.335223,0.00748408,0.00745814,0.00741996,0.0129109
0.396095,0.0090135,0.00899522,0.00890957,0.0155415
0.45696,0.010976,0.0110304,0.0111211,0.0191264
0.517716,0.00951386,0.0095087,0.00935455,0.016384
0.578807,0.0140726,0.0140542,0.0140866,0.0243719
0.629557,0.0165477,0.0164545,0.0164526,0.0285529
0.690352,0.0176967,0.0177567,0.0178034,0.0307479
0.751116,0.0206484,0.0204606,0.0207699,0.0357265
0.811841,0.0158825,0.0157338,0.0156403,0.0272841
0.874497,0.0245254,0.0245623,0.0247556,0.0426338
0.937219,0.0252828,0.0252135,0.0253353,0.0437815
0.998485,0.0271054,0.0269475,0.0268759,0.0467246
1.04953,0.0289774,0.0289072,0.0292545,0.0503104
1.11032,0.0312269,0.030855,0.0308952,0.0536811
1.1711,0.0237574,0.0238863,0.0239881,0.0413569
1.23189,0.0347333,0.034456,0.0346196,0.0599344
1.29282,0.0355658,0.0354094,0.035637,0.0615528
1.35407,0.0384182,0.0381447,0.0383821,0.0663638
1.41484,0.0396465,0.039486,0.0397406,0.0686316
1.47567,0.0414947,0.041205,0.0413612,0.0716269
1.53671,0.031271,0.031288,0.0315449,0.0543313
1.59748,0.0405281,0.0402194,0.0403088,0.0698923
1.65825,0.0385259,0.038389,0.0385748,0.0666781
1.70935,0.0361791,0.0359395,0.0362099,0.0625438
1.77015,0.0350128,0.0347851,0.0349036,0.0604496
1.8311,0.0337575,0.033506,0.0337377,0.0583134
1.89191,0.0234347,0.0235463,0.0236113,0.0407567
1.95275,0.0288805,0.0285259,0.0285934,0.0496527
2.01357,0.0277075,0.0276819,0.0278788,0.0480752
2.07432,0.0262074,0.0260412,0.0260601,0.0452117
2.13522,0.0227691,0.0227579,0.0228106,0.0394548
2.19597,0.0218146,0.0218376,0.0219047,0.0378494
2.25677,0.0149716,0.0148189,0.0147886,0.0257381
2.31755,0.0183492,0.0183287,0.0182169,0.0316937
2.37841,0.0167371,0.0169341,0.0167886,0.0291334
2.4292,0.0143175,0.0143148,0.0143483,0.0248149
2.48993,0.0131909,0.0130529,0.0132103,0.0227792
2.55064,0.0107691,0.010631,0.0106727,0.0185175
2.61136,0.00695606,0.00697742,0.00705008,0.0121151
2.67219,0.00774302,0.00766797,0.00771702,0.0133531
2.73306,0.00549477,0.00546263,0.00555804,0.00953544
2.79383,0.00411583,0.00408735,0.00417189,0.00714501
2.85472,0.00192213,0.00188392,0.00188885,0.00328808
timestamp,vx,vy,vz,vmag
0.0931967,-0.000530533,-0.000682249,0.000931965,0.00127102
0.15384,-0.00191913,-0.00187315,0.00181437,0.00323785
0.214676,-0.00291088,-0.00290076,0.00289692,0.0050279
0.275707,-0.0052421,-0.00514837,0.00494996,0.00885931
0.336485,-0.00761242,-0.00757729,0.00753828,0.0131221
0.39721,-0.00881456,-0.00875251,0.00880554,0.0152263
0.458246,-0.0112213,-0.0112155,0.0113175,0.0194882
0.519154,-0.0129084,-0.0129133,0.0129358,0.0223766
0.580364,-0.010708,-0.0107767,0.0106855,0.0185736
0.631257,-0.0171744,-0.0172354,0.0170815,0.0297287
0.691961,-0.0171556,-0.0171576,0.017074,0.0296684
0.752914,-0.0202473,-0.0202224,0.0205363,0.0352227
0.813575,-0.0216234,-0.0216972,0.0217723,0.0375816
0.874355,-0.023554,-0.023851,0.0234885,0.0409313
0.93522,-0.0193071,-0.0194804,0.0195533,0.0336835
0.996011,-0.0265335,-0.0264086,0.0265486,0.0458941
1.05672,-0.0292381,-0.0293551,0.0293789,0.0507909
1.11758,-0.0304592,-0.0307442,0.0305474,0.0529727
1.17834,-0.0321388,-0.0320586,0.0323377,0.055735
1.23913,-0.0350604,-0.0352414,0.0349652,0.0607763
1.30001,-0.0358144,-0.0359404,0.0362492,0.0623569
1.35076,-0.0286487,-0.0287243,0.0287432,0.0497193
1.41164,-0.0399053,-0.0402237,0.0397846,0.0692329
1.47253,-0.0406463,-0.0406586,0.0409675,0.0705945
1.53337,-0.0416271,-0.0420988,0.0416021,0.0723592
1.59449,-0.0398281,-0.0398545,0.040687,0.0694988
1.65554,-0.0380232,-0.038385,0.0378763,0.0659833
1.71641,-0.0270907,-0.0269921,0.0272897,0.046981
1.77728,-0.0343849,-0.0345149,0.0342409,0.0595486
1.83818,-0.0325703,-0.0327817,0.0328459,0.056695
1.8989,-0.0307464,-0.0307459,0.0308667,0.0533235
1.9597,-0.0299806,-0.0300623,0.0295977,0.0517552
2.01047,-0.0203544,-0.0204079,0.0207627,0.0355229
2.07119,-0.0253778,-0.0253913,0.0255137,0.0440421
2.13192,-0.0235308,-0.0238602,0.0235625,0.0409658
2.19269,-0.0218823,-0.0218186,0.0217979,0.0378158
2.25359,-0.0200544,-0.0198466,0.0200157,0.0345933
2.31442,-0.017782,-0.0178312,0.0178827,0.030886
2.37529,-0.01648,-0.0166099,0.0164911,0.0286258
2.43609,-0.0103556,-0.010448,0.0102798,0.0179465
2.49748,-0.0131979,-0.0132991,0.0134505,0.0230644
2.55839,-0.0104157,-0.0103561,0.0104143,0.0180054
2.61915,-0.00941936,-0.00948271,0.0095762,0.0164423
2.67073,-0.00738206,-0.00739731,0.00751687,0.0128732
2.73149,-0.00516477,-0.0051552,0.00502603,0.00886069
2.79225,-0.00298914,-0.00295212,0.00276493,0.00502939
2.8531,-0.00189749,-0.00191135,0.00196625,0.00333464
2.91405,-0.000520404,-0.000519312,0.000453794,0.000863964
timestamp,vx,vy,vz,vmag
4.056e-06,1.39521e-07,1.01777e-06,-4.41254e-06,4.53054e-06
0.0406592,1.1389e-07,8.308e-07,-5.37501e-06,5.44003e-06
0.101437,0.000488928,0.000622955,-0.000672117,0.00103868
0.162135,0.00194619,0.00191232,-0.00193458,0.00334473
0.222978,0.00415112,0.00409353,-0.00406239,0.00710576
0.283869,0.0056895,0.00563107,-0.00549547,0.00970976
0.334628,0.0059195,0.00590351,-0.00596325,0.010269
0.395706,0.00888802,0.00876259,-0.008875,0.0153149
0.456498,0.0111563,0.0112308,-0.0113012,0.0194502
0.517265,0.0129414,0.0129599,-0.0129178,0.0224123
0.57802,0.0146528,0.0147381,-0.0144657,0.0253213
0.638901,0.0167952,0.0167556,-0.0167462,0.029039
0.699713,0.0135657,0.0135415,-0.0136673,0.0235414
0.760761,0.0202277,0.0201461,-0.0204379,0.0351103
0.821644,0.0218369,0.0217452,-0.0215779,0.0376206
0.882378,0.0237585,0.0237475,-0.023476,0.0409821
0.943143,0.0269318,0.0267485,-0.026942,0.0465476
1.00411,0.0203683,0.0202725,-0.0203855,0.0352337
1.0549,0.0293857,0.0293711,-0.0290622,0.0507029
1.11574,0.0308576,0.0306318,-0.0308531,0.0533143
1.17653,0.0327838,0.0327479,-0.0327241,0.056728
1.23745,0.0348065,0.03462,-0.0345048,0.0600052
1.29826,0.0373444,0.0368242,-0.0365366,0.0639183
1.359,0.0281462,0.0282967,-0.0279965,0.0487516
1.4199,0.0396481,0.0393018,-0.0397602,0.0685381
1.48064,0.041596,0.0417067,-0.0417234,0.0721839
1.54141,0.0411868,0.0408424,-0.0410296,0.0710484
1.60252,0.0404981,0.040537,-0.040454,0.0701418
1.66353,0.0375609,0.0374552,-0.037867,0.0651738
1.7144,0.0271173,0.0269679,-0.0269508,0.0467863
1.77584,0.0344593,0.0343175,-0.0338203,0.0592364
1.83665,0.0326678,0.0323706,-0.032824,0.0565018
1.8975,0.0306907,0.0308118,-0.0304792,0.0531062
1.95841,0.0291435,0.0289171,-0.0288701,0.0501899
2.01933,0.0266268,0.0264002,-0.0266179,0.0459833
2.08015,0.0255217,0.0256505,-0.0254267,0.0442246
2.14095,0.0173426,0.0173295,-0.0171993,0.0299482
2.2019,0.0218772,0.0217425,-0.0220068,0.03789
2.2627,0.020035,0.0198852,-0.0199833,0.0345855
2.32356,0.0177283,0.0178832,-0.0176961,0.0307775
2.37421,0.0164394,0.0165196,-0.0164319,0.0285159
2.43496,0.0139567,0.0138554,-0.0139595,0.024117
2.49579,0.00971363,0.00968355,-0.00975851,0.0168331
2.55665,0.0107788,0.0106326,-0.0106747,0.0185253
2.6174,0.00933955,0.009397,-0.00944121,0.0162686
2.67813,0.00713726,0.00713347,-0.00716702,0.0123771
2.739,0.00516223,0.00511164,-0.00499588,0.00881682
2.79991,0.00352733,0.00348488,-0.00328402,0.00594738
2.86072,0.0013279,0.00131708,-0.00140737,0.00234067
timestamp,vx,vy,vz,vmag
3.081e-06,-1.90843e-08,-4.44428e-07,1.46769e-06,1.53362e-06
0.0318779,1.95148e-07,4.54453e-06,2.80661e-06,5.3449e-06
0.0929032,-0.000515076,0.000536368,-0.000528543,0.000912333
0.153583,-0.00189993,0.00192685,-0.00199798,0.00336369
0.214294,-0.00418053,0.00417,-0.00421329,0.00725379
0.275113,-0.00582168,0.00582419,-0.00582177,0.0100849
0.335946,-0.00773267,0.00773447,-0.00765854,0.0133518
0.3968,-0.00950203,0.00946461,-0.00936652,0.0163585
0.457583,-0.00838238,0.00843145,-0.00846196,0.0145931
0.518659,-0.0131038,0.0131004,-0.013058,0.0226681
0.579514,-0.0144054,0.0143985,-0.014348,0.0249138
0.640226,-0.0170403,0.0170177,-0.0170779,0.0295233
0.690974,-0.0183397,0.0183144,-0.0183781,0.0317729
0.751845,-0.020475,0.0204286,-0.0204366,0.0354148
0.812645,-0.0164813,0.0163122,-0.0163908,0.0283968
0.873406,-0.0237437,0.0235567,-0.0236986,0.0409915
0.934262,-0.0257056,0.025622,-0.0257781,0.0445172
0.995112,-0.0275785,0.027428,-0.0273087,0.0475251
1.05587,-0.0314559,0.0314137,-0.0314054,0.0544297
1.11666,-0.0236908,0.0236231,-0.0237242,0.0410139
1.17743,-0.0323186,0.0322211,-0.0321844,0.0558438
1.23825,-0.0352446,0.0350131,-0.0351724,0.0608703
1.29901,-0.0362441,0.0360658,-0.036197,0.0626466
1.35975,-0.038609,0.038514,-0.0386331,0.0668319
1.42052,-0.0403879,0.0400894,-0.0403004,0.0697314
1.4713,-0.0308798,0.030835,-0.0308052,0.0534164
1.53214,-0.0420548,0.0416905,-0.0417903,0.0724785
1.59293,-0.0409122,0.0408129,-0.0409463,0.0708245
1.65366,-0.0370194,0.03675,-0.036796,0.0638352
1.71449,-0.0354054,0.0352283,-0.0354646,0.0612562
1.77542,-0.0340288,0.0338823,-0.0339286,0.0587973
1.83623,-0.0241425,0.0239611,-0.0240333,0.0416485
1.89709,-0.0311414,0.0311009,-0.0312845,0.0539979
1.95786,-0.0286815,0.0284631,-0.0284098,0.0493953
2.0186,-0.0277756,0.0277323,-0.0278627,0.0481341
2.07942,-0.0254461,0.0253997,-0.0254616,0.0440561
2.14054,-0.0228138,0.0227135,-0.0226711,0.0393745
2.19143,-0.0162167,0.0162679,-0.0162649,0.0281456
2.25219,-0.0195161,0.0196251,-0.0195621,0.0338924
2.31294,-0.0180012,0.0179291,-0.0179619,0.0311147
2.37373,-0.016255,0.016157,-0.0161902,0.0280606
2.4345,-0.0141064,0.0140433,-0.0140893,0.0243867
2.49529,-0.0122641,0.0121987,-0.012229,0.0211841
2.55608,-0.00806417,0.0080173,-0.00799387,0.0139
2.61711,-0.00894436,0.00894873,-0.0089412,0.0154928
2.67802,-0.0073001,0.00723629,-0.00719125,0.0125447
2.73878,-0.00510796,0.00510573,-0.00516549,0.00887931
2.79986,-0.00336813,0.00335788,-0.00330299,0.00579046
2.86079,-0.0014702,0.00146242,-0.00148557,0.0025509
timestamp,vx,vy,vz,vmag
0.0305283,1.09819e-06,-6.41607e-08,-5.10746e-07,1.21285e-06
0.0916512,0.000226617,-0.000134349,7.17726e-05,0.000273049
0.15249,0.00170219,-0.00163679,0.00177934,0.00295678
0.203251,0.00340493,-0.00348178,0.00351881,0.00600819
0.264149,0.00384863,-0.00388588,0.00384733,0.00668685
0.324897,0.00693808,-0.00695513,0.0069737,0.0120475
0.385643,0.00836367,-0.00834448,0.00827713,0.0144254
0.446473,0.0108725,-0.0108844,0.0108675,0.0188357
0.507343,0.0121901,-0.0121826,0.0121419,0.0210817
0.568043,0.01437,-0.0144034,0.0144338,0.0249457
0.628775,0.0121664,-0.0121607,0.012139,0.0210537
0.6895,0.0172718,-0.0172747,0.0172545,0.0299073
0.750314,0.0198552,-0.0199029,0.0199335,0.034463
0.811135,0.0210057,-0.0210599,0.0209324,0.036372
0.871866,0.023297,-0.0235517,0.0235097,0.0406219
0.922709,0.0250449,-0.0251421,0.0250503,0.0434383
0.983507,0.0198379,-0.0199,0.0199056,0.0344352
1.04428,0.0283932,-0.0285187,0.0284039,0.0492572
1.10506,0.0322596,-0.0324534,0.032406,0.0560719
1.16585,0.0324498,-0.0325717,0.0324479,0.0562741
1.22671,0.0340388,-0.0342514,0.0340793,0.0591033
1.28756,0.0265773,-0.0267139,0.0267135,0.0461909
1.34832,0.0379472,-0.0381852,0.0380277,0.0659106
1.40902,0.0386521,-0.0388159,0.0387239,0.0670835
1.46984,0.0415223,-0.0417065,0.0415582,0.0720459
1.53061,0.0408582,-0.041065,0.0410015,0.0709708
1.5914,0.0410305,-0.0410694,0.0411803,0.0711759
1.65214,0.0279298,-0.0281295,0.0280725,0.0485738
1.70306,0.0372487,-0.0374437,0.0374338,0.0647363
1.76377,0.03445,-0.0346382,0.034363,0.0597279
1.82456,0.033119,-0.033349,0.033216,0.0575528
1.88647,0.0316061,-0.0317165,0.0316216,0.0548162
1.94823,0.0286727,-0.0288392,0.0287448,0.0498005
2.00906,0.0209553,-0.0209359,0.020968,0.0362917
2.06991,0.0256468,-0.0257304,0.0257621,0.0445365
2.13075,0.0248677,-0.0248969,0.0249072,0.0431118
2.19152,0.0221938,-0.0222114,0.0222695,0.0384947
2.25238,0.0202903,-0.0201989,0.0201529,0.0350118
2.3031,0.0142619,-0.0142201,0.0143399,0.0247234
2.36383,0.0166533,-0.0167651,0.0166073,0.0288826
2.42472,0.0151211,-0.0152112,0.0151516,0.0262602
2.48562,0.0133148,-0.0133842,0.0133721,0.0231351
2.54647,0.011164,-0.0112305,0.0111217,0.0193508
2.6074,0.00949717,-0.00958677,0.00964421,0.0165865
2.66824,0.00770849,-0.0077025,0.00761194,0.0132925
2.72911,0.00428135,-0.00428434,0.0042286,0.00738692
2.78991,0.00444797,-0.00443891,0.0044303,0.00768869
2.85068,0.00219798,-0.00221359,0.00225699,0.00385033
timestamp,vx,vy,vz,vmag
0.0305462,5.71101e-08,1.32998e-06,-4.39228e-06,4.58958e-06
0.0914474,-0.000192859,0.000186078,8.31042e-05,0.000280582
0.152324,-0.00169122,0.00169386,0.00178257,0.00298445
0.213134,-0.00364941,0.00366889,0.0036698,0.00634401
0.273944,-0.00538713,0.00539897,0.00541874,0.0093559
0.334701,-0.00547087,0.00547211,0.00547223,0.00947733
0.395435,-0.00856208,0.00857827,0.00864318,0.0148863
0.456227,-0.0107584,0.0107757,0.0106832,0.0186008
0.517044,-0.0124952,0.0125014,0.0126119,0.0217134
0.577794,-0.0141362,0.0141462,0.0141293,0.0244864
0.638613,-0.0166476,0.0165803,0.0165937,0.0287645
0.689307,-0.0132092,0.0131917,0.0131433,0.0228309
0.75026,-0.0197128,0.0196428,0.0195994,0.0340378
0.810984,-0.0215197,0.0214382,0.0213949,0.0371542
0.871713,-0.0235248,0.0233476,0.0235793,0.0406756
0.932579,-0.025333,0.025184,0.0253619,0.0438088
0.993301,-0.0266221,0.0265583,0.0265136,0.0460115
1.0543,-0.0218829,0.0217727,0.0218137,0.0377988
1.11514,-0.0299172,0.0297606,0.0297865,0.0516524
1.17593,-0.0342259,0.0340591,0.0341574,0.0591453
1.23693,-0.034764,0.0346418,0.0347849,0.0601546
1.29778,-0.0356805,0.0355612,0.0356536,0.0617161
1.35875,-0.0286174,0.0284697,0.0286239,0.0494855
1.40945,-0.0396599,0.0393853,0.039339,0.0683496
1.47023,-0.0409399,0.0406408,0.0409003,0.0707148
1.531,-0.0418918,0.0415967,0.0416806,0.0722667
1.59176,-0.0404271,0.040264,0.0405372,0.0699915
1.65262,-0.0384332,0.0380728,0.0381409,0.0661919
1.71339,-0.0360601,0.0358508,0.0359971,0.0623009
1.77418,-0.0261609,0.0260298,0.0260613,0.0451789
1.83501,-0.0331913,0.0330556,0.0331879,0.0574088
1.89586,-0.0310836,0.0310989,0.0311919,0.0539097
1.95664,-0.0286609,0.0284599,0.0285021,0.0494346
2.01846,-0.0278623,0.0278102,0.0278658,0.0482308
2.07931,-0.0254308,0.0253432,0.0253271,0.0439371
2.13005,-0.0177851,0.0176459,0.0177135,0.0306832
2.19094,-0.0236216,0.0234924,0.0235933,0.040823
2.25174,-0.0197834,0.0197242,0.0197675,0.0342225
2.31259,-0.0182979,0.0183292,0.0182906,0.0317068
2.37336,-0.0167377,0.0168135,0.0167085,0.0290175
2.43409,-0.0109402,0.0109256,0.010928,0.0189336
2.49484,-0.0133206,0.0132668,0.0132835,0.0230195
2.55568,-0.0109654,0.0109401,0.0110259,0.019013
2.61652,-0.00963102,0.00958128,0.00947997,0.0165659
2.67881,-0.00756161,0.00752962,0.00758472,0.013092
2.72959,-0.00547556,0.00546368,0.00552479,0.00950562
2.79039,-0.0032866,0.00326236,0.00323886,0.0056511
2.85116,-0.00211925,0.00212345,0.00216355,0.00369881
timestamp,vx,vy,vz,vmag
2.526e-06,-2.66873e-07,-1.57108e-06,-1.64059e-06,2.28715e-06
0.0420772,9.96748e-08,5.86784e-07,-2.94731e-06,3.00681e-06
0.105493,0.000558042,-0.000497254,-0.000162755,0.000764959
0.15612,0.0013547,-0.00136158,-0.00143978,0.00240044
0.216945,0.00348574,-0.00352079,-0.00360612,0.00612784
0.279865,0.00534046,-0.00535446,-0.00545952,0.00932723
0.340664,0.00735949,-0.00735577,-0.00739235,0.0127639
0.401446,0.00895445,-0.00893357,-0.00910948,0.0155876
0.462312,0.0082972,-0.00831403,-0.00820458,0.0143277
0.523153,0.0122054,-0.0122132,-0.012272,0.0211834
0.573807,0.0143664,-0.0143767,-0.0143235,0.0248645
0.634768,0.0162856,-0.0163127,-0.0162221,0.0281866
0.695596,0.0179475,-0.0180233,-0.017945,0.0311283
0.756404,0.0197913,-0.0199145,-0.0199718,0.0344552
0.817299,0.0161552,-0.0162363,-0.0161509,0.0280261
0.878112,0.0233812,-0.0234225,-0.0233968,0.0405302
0.938909,0.0250788,-0.0252482,-0.025077,0.0435348
0.999773,0.0269007,-0.0269608,-0.0270063,0.0466892
1.06065,0.0287767,-0.028916,-0.0288712,0.0499778
1.12177,0.0309337,-0.0311192,-0.0310217,0.0537368
1.18268,0.0237674,-0.0237849,-0.0238539,0.0412264
1.23352,0.034396,-0.0346094,-0.0343493,0.0596722
1.29432,0.0375689,-0.037761,-0.0376123,0.0652073
1.35514,0.0377025,-0.0379879,-0.0378118,0.0655309
1.41591,0.0398944,-0.0402292,-0.0402392,0.069492
1.47677,0.0310136,-0.0311797,-0.0309813,0.0537946
1.5376,0.0408195,-0.0411336,-0.0409448,0.0709554
1.59841,0.0411045,-0.0411388,-0.0410267,0.07117
1.65939,0.0375507,-0.0378558,-0.0377304,0.0653199
1.72013,0.0366356,-0.0368037,-0.0368099,0.0636525
1.78088,0.0342876,-0.034501,-0.0343562,0.0595509
1.84162,0.0243641,-0.0244632,-0.024362,0.042256
1.90246,0.0312172,-0.0311656,-0.031158,0.0540058
1.96334,0.0292207,-0.0293976,-0.0292627,0.0507383
2.014,0.0272345,-0.0273798,-0.0273338,0.0473128
2.07475,0.0258329,-0.0259457,-0.0259327,0.0448667
2.1356,0.0231702,-0.0233369,-0.0232696,0.0402858
2.19642,0.0221163,-0.0221559,-0.0221135,0.0383278
2.25726,0.0206223,-0.0206339,-0.0205009,0.0356557
2.31824,0.0136595,-0.0136014,-0.0136581,0.0236246
2.379,0.0165419,-0.0164791,-0.0164877,0.0285839
2.4398,0.0144699,-0.0145491,-0.0145074,0.0251301
2.50065,0.0128977,-0.0129735,-0.0128578,0.0223604
2.56136,0.00815238,-0.00822012,-0.00827672,0.0142315
2.62214,0.00953421,-0.00956437,-0.00946669,0.0164923
2.68304,0.00771896,-0.00774105,-0.00777942,0.0134174
2.74403,0.0054683,-0.00547787,-0.00554419,0.00952089
2.79484,0.0040993,-0.0040971,-0.00411718,0.00710926
2.85562,0.0018336,-0.00183647,-0.00178517,0.00314985
2.9167,0.000433553,-0.000442481,-0.000523256,0.000810897
timestamp,vx,vy,vz,vmag
4.599e-06,1.97665e-06,-8.92091e-07,-2.77556e-13,2.16863e-06
0.0406929,6.67624e-06,-6.08116e-06,-9.86515e-06,1.33744e-05
0.101707,0.000640762,-0.000618222,-0.000537186,0.00103988
0.162709,0.00177656,-0.0017878,-0.00189998,0.00315631
0.225422,0.00575583,-0.00576597,-0.00575238,0.00997326
0.276133,0.00463912,-0.00465062,-0.00465447,0.0080507
0.337523,0.00800133,-0.00799197,-0.00801678,0.0138622
0.398283,0.0096205,-0.00959917,-0.00969211,0.0166924
0.459153,0.0084308,-0.00840018,-0.00846374,0.014604
0.520009,0.0132126,-0.0132359,-0.013145,0.0228594
0.580849,0.0145014,-0.0144352,-0.0144788,0.025066
0.64168,0.017127,-0.0171581,-0.0170091,0.0296149
0.702709,0.0184193,-0.0184281,-0.0184224,0.03191
0.753469,0.020162,-0.0202351,-0.0202461,0.0350124
0.814264,0.0167638,-0.0169633,-0.0168806,0.0292187
0.874992,0.0237099,-0.0239144,-0.0236901,0.0411737
0.935856,0.0256385,-0.0256869,-0.0256308,0.0444306
0.996686,0.0280528,-0.0281334,-0.0280359,0.0486257
1.05767,0.0285891,-0.0287037,-0.0286823,0.0496378
1.11839,0.031735,-0.0320049,-0.0318972,0.0552164
1.17917,0.0244833,-0.0245088,-0.0244563,0.0424055
1.24007,0.034502,-0.0346117,-0.0344361,0.0597846
1.30083,0.0366061,-0.0367231,-0.0365748,0.0634532
1.3616,0.0377931,-0.0380829,-0.0380974,0.0658031
1.42386,0.0407883,-0.0409361,-0.0406448,0.0706502
1.47448,0.0407048,-0.0408338,-0.040811,0.0706386
1.53531,0.0311094,-0.0314661,-0.0312714,0.0541831
1.59624,0.0398016,-0.0399183,-0.0397828,0.068995
1.65699,0.0379617,-0.0381012,-0.0378865,0.0657889
1.71795,0.0353552,-0.0356769,-0.0355087,0.0615118
1.77873,0.0345412,-0.0346109,-0.0346218,0.0599139
1.83951,0.0315805,-0.0316816,-0.031467,0.0546921
1.90017,0.0305336,-0.0306833,-0.0306416,0.0530347
1.96091,0.0215605,-0.0216673,-0.0216161,0.0374377
2.02172,0.026542,-0.0266159,-0.0265863,0.0460404
2.08273,0.0254896,-0.0254778,-0.0253302,0.0440506
2.13346,0.0227656,-0.022861,-0.0228283,0.0395226
2.19453,0.0216011,-0.0216155,-0.0216296,0.037439
2.2554,0.014547,-0.0145053,-0.0145407,0.0251685
2.31637,0.0191409,-0.019181,-0.0191609,0.0331877
2.37736,0.0158879,-0.0159421,-0.0157963,0.0274973
2.43842,0.0138735,-0.0139191,-0.013923,0.0240845
2.49927,0.0124871,-0.0125361,-0.0124681,0.0216457
2.56011,0.0104775,-0.0105232,-0.0104879,0.01818
2.62093,0.0063983,-0.00642161,-0.0064745,0.0111398
2.68183,0.00740545,-0.0074134,-0.00746788,0.0128673
2.74276,0.00500565,-0.00504071,-0.00502168,0.00869957
2.79345,0.0035087,-0.0034908,-0.00352344,0.00607546
2.85425,0.00151989,-0.00152112,-0.00150081,0.00262227
timestamp,vx,vy,vz,vmag
0.101845,-0.000496291,0.000578668,0.000332077,0.000831526
0.162654,-0.00195414,0.00199986,0.00188523,0.00337227
0.223437,-0.00413925,0.00410899,0.00422585,0.00720243
0.284205,-0.00399546,0.00399808,0.00407756,0.00696956
0.344963,-0.00756308,0.00753491,0.00762025,0.0131165
0.407171,-0.00963175,0.00958289,0.00967737,0.0166809
0.457813,-0.0110357,0.0110223,0.0110803,0.0191324
0.518571,-0.013278,0.0132411,0.0132027,0.0229335
0.579377,-0.0105177,0.0105375,0.010552,0.0182484
0.640298,-0.0166822,0.0166571,0.0166174,0.0288426
0.701384,-0.0177949,0.0177987,0.0178878,0.0308775
0.762667,-0.0203045,0.0203297,0.0204094,0.0352437
0.823505,-0.0227194,0.0225157,0.022659,0.039199
0.884405,-0.0231006,0.0229273,0.0229585,0.0398295
0.945214,-0.0194255,0.0193344,0.0193441,0.0335464
0.995853,-0.0266529,0.0266062,0.0267679,0.0462038
1.0566,-0.0294508,0.0293678,0.0294783,0.0509783
1.11738,-0.030753,0.0305456,0.0305653,0.0530379
1.17812,-0.0327583,0.0325739,0.032635,0.0565616
1.23904,-0.03473,0.0345916,0.0347707,0.0600979
1.29985,-0.0271113,0.0270841,0.0271408,0.0469595
1.36083,-0.0396556,0.0393291,0.0395107,0.0684137
1.42158,-0.0397518,0.0394862,0.0396042,0.0686138
1.48236,-0.0414245,0.0413916,0.0416056,0.0718351
1.54312,-0.041358,0.0409485,0.0410818,0.0712389
1.60396,-0.0402539,0.0401978,0.0402662,0.0696966
1.66475,-0.0284758,0.0284516,0.0284834,0.0493119
1.72561,-0.0361206,0.0359205,0.0360244,0.0623919
1.77622,-0.034834,0.0345907,0.0346861,0.0601087
1.83697,-0.0321283,0.0319573,0.0321606,0.055568
1.8977,-0.0311086,0.0310345,0.0311695,0.0538741
1.95887,-0.0285218,0.028341,0.0284103,0.0492327
2.01965,-0.0203337,0.0202365,0.0203108,0.0351498
2.08057,-0.0254563,0.0253619,0.0253781,0.043992
2.1415,-0.0236099,0.0235566,0.0236018,0.0408581
2.20226,-0.0217399,0.0217364,0.0218579,0.0377208
2.26312,-0.0199691,0.019924,0.0198559,0.0344962
2.32383,-0.0176678,0.0176817,0.0176082,0.0305752
2.38473,-0.0124678,0.0125223,0.0124251,0.0216017
2.4356,-0.0145583,0.0144311,0.0145318,0.0251272
2.49657,-0.0129219,0.012862,0.0127975,0.0222752
2.55733,-0.0109215,0.010885,0.0109892,0.0189348
2.61811,-0.00882884,0.00879608,0.0089203,0.0153262
2.67917,-0.00741132,0.00737526,0.00743081,0.0128273
2.74002,-0.00503729,0.00504055,0.00506135,0.00874063
2.80099,-0.00289045,0.00286126,0.0028693,0.00497739
2.86177,-0.00186027,0.00185194,0.00181434,0.00319094
timestamp,vx,vy,vz,vmag
2.71e-06,1.51626e-06,1.37686e-06,2.7066e-07,2.06592e-06
0.0308443,-3.35494e-07,-8.26328e-07,-2.28427e-06,2.45219e-06
0.0918276,0.000217733,-0.000214615,0.000401868,0.000504941
0.152644,0.00168002,-0.00165513,0.00169655,0.0029052
0.213476,0.00348279,-0.00351827,0.00354694,0.00609006
0.274289,0.00523784,-0.00524292,0.00513713,0.00901739
0.335114,0.00759989,-0.00757304,0.00749222,0.013086
0.395912,0.00643858,-0.00638396,0.00630506,0.0110437
0.456688,0.0115201,-0.0115737,0.0116312,0.0200487
0.518396,0.0124876,-0.0125055,0.012399,0.0215885
0.580371,0.0142197,-0.0141836,0.0141753,0.0245828
0.631005,0.0167284,-0.0167545,0.0168875,0.0290816
0.691843,0.0132401,-0.013234,0.0132026,0.0229074
0.752591,0.0196795,-0.0196791,0.0196509,0.0340692
0.81345,0.0214903,-0.0216309,0.0215176,0.0373194
0.874296,0.0230523,-0.0232236,0.0231279,0.0400705
0.935052,0.0256352,-0.0257688,0.0256811,0.0445052
0.995823,0.0266343,-0.026711,0.0265782,0.046144
1.05661,0.0218154,-0.0219182,0.021888,0.0378868
1.11734,0.0305156,-0.0305277,0.0305689,0.0528924
1.1782,0.0319692,-0.0320293,0.0321263,0.0554978
1.23902,0.0344769,-0.0346794,0.0346672,0.0599428
1.30009,0.0356307,-0.035669,0.0354204,0.0616152
1.35076,0.0382638,-0.0386121,0.0383961,0.0665528
1.41156,0.0289946,-0.0290564,0.0290272,0.0502746
1.47234,0.0427265,-0.0428503,0.042798,0.0741173
1.5332,0.0414724,-0.0418409,0.0419537,0.0723238
1.59399,0.0409348,-0.0410356,0.0407195,0.0708354
1.65491,0.0375279,-0.0378226,0.0376031,0.0652141
1.71572,0.0358133,-0.0358607,0.035872,0.0620917
1.77667,0.0261813,-0.0261928,0.0263669,0.0454614
1.83746,0.0324035,-0.0325713,0.0325061,0.0562807
1.89818,0.0315295,-0.0316588,0.0315805,0.0547148
1.95907,0.0287626,-0.0289014,0.0286918,0.0498578
2.02012,0.0275382,-0.0275482,0.0275339,0.0477008
2.07074,0.0253368,-0.0253778,0.0256116,0.0440674
2.13146,0.0176341,-0.0176358,0.0174851,0.0304584
2.19229,0.0225883,-0.0226351,0.0226827,0.0392057
2.25313,0.0198903,-0.0198678,0.0198072,0.03439
2.31403,0.0185899,-0.0186292,0.0184909,0.0321643
2.3749,0.0164595,-0.0165528,0.0165826,0.0286337
2.43576,0.0114146,-0.0114283,0.0113897,0.0197643
2.49654,0.0134833,-0.0134825,0.013562,0.0233988
2.55734,0.0109256,-0.0109593,0.010918,0.0189389
2.61807,0.00949645,-0.00956239,0.00968946,0.0165984
2.67906,0.00753658,-0.00756644,0.0075814,0.0130969
2.73992,0.00542806,-0.0054144,0.00525696,0.00929597
2.79084,0.00392592,-0.00392232,0.00382725,0.00674131
2.85171,0.00141666,-0.00143532,0.00148599,0.00250505
timestamp,vx,vy,vz,vmag
3.543e-06,-1.26671e-06,3.24609e-07,0,1.30764e-06
0.0413531,-2.88647e-08,4.58899e-07,-3.90298e-06,3.92997e-06
0.102268,-0.000146834,0.000115928,-0.000155708,0.000243402
0.153081,-0.00170357,0.00170954,-0.0016779,0.00293939
0.214272,-0.00342327,0.00344225,-0.00359666,0.00604184
0.275096,-0.00531624,0.00532026,-0.00529699,0.00919922
0.335885,-0.00745853,0.00744966,-0.00739677,0.0128779
0.39674,-0.00902865,0.00898866,-0.00889247,0.0155367
0.457555,-0.00829914,0.00830702,-0.00835932,0.0144139
0.51834,-0.0130885,0.0131544,-0.0130693,0.022697
0.579103,-0.0141353,0.0141785,-0.0140747,0.0244731
0.640134,-0.0166592,0.0166594,-0.0167159,0.0288875
0.700944,-0.0178136,0.0178227,-0.0177697,0.030834
0.761738,-0.0150965,0.0151094,-0.0152073,0.0262195
0.822719,-0.0212204,0.0210813,-0.0211105,0.0366112
0.873388,-0.0235591,0.0233114,-0.0233899,0.0405653
0.934297,-0.0252682,0.0251499,-0.0254381,0.043796
0.995045,-0.0270553,0.0270043,-0.026864,0.0467214
1.05599,-0.0289818,0.0289355,-0.028876,0.0501102
1.11679,-0.0230006,0.0229484,-0.0229581,0.0397835
1.17765,-0.0325121,0.0324059,-0.0324238,0.0562003
1.23849,-0.0341705,0.0338982,-0.0341767,0.0590318
1.29958,-0.0360764,0.0359398,-0.0359111,0.062312
1.36026,-0.0378252,0.0377699,-0.0377143,0.0654193
1.42107,-0.0402853,0.0400776,-0.0400743,0.0695347
1.48181,-0.030344,0.030326,-0.0305053,0.0526403
1.53264,-0.0430744,0.0426827,-0.0429955,0.0743359
1.59341,-0.0411667,0.0410229,-0.0409329,0.071085
1.65417,-0.0377783,0.03762,-0.0376708,0.0652806
1.71496,-0.0367249,0.0365102,-0.0365477,0.0633833
1.77574,-0.0343037,0.0341842,-0.0344297,0.0594198
1.8365,-0.0244694,0.024284,-0.024336,0.0421984
1.89731,-0.0316813,0.0315565,-0.0316038,0.0547568
1.95834,-0.0288211,0.0287577,-0.0287387,0.0498355
2.01912,-0.0275845,0.02757,-0.027456,0.0476953
2.07996,-0.0255164,0.0254584,-0.0255267,0.0441682
2.1408,-0.0235821,0.0234688,-0.0235561,0.0407651
2.20157,-0.0163826,0.0163911,-0.016427,0.0284061
2.26252,-0.0202208,0.0202984,-0.0202961,0.0351118
2.31318,-0.0189381,0.0188602,-0.0189678,0.032774
2.37403,-0.0163226,0.0162391,-0.0163427,0.0282351
2.43501,-0.0143394,0.0142676,-0.0142046,0.0247175
2.49589,-0.0135141,0.0134896,-0.0134971,0.0233831
2.5567,-0.00814842,0.00815204,-0.008157,0.0141205
2.61757,-0.00958631,0.00958965,-0.00957305,0.0165983
2.67849,-0.00759577,0.00754716,-0.00749622,0.0130709
2.73933,-0.00547984,0.00546976,-0.00542508,0.00945402
2.80004,-0.00397422,0.00394349,-0.00388621,0.00681529
2.861,-0.00181558,0.00178405,-0.00179551,0.00311497
timestamp,vx,vy,vz,vmag
3.381e-06,3.42703e-06,-1.36284e-06,0,3.68807e-06
0.0310804,-2.38227e-06,-1.49892e-06,1.05008e-06,3.00411e-06
0.0921075,0.000232315,0.000395138,-0.000411729,0.000616138
0.152973,0.00123878,0.00123974,-0.00121681,0.00213358
0.213796,0.00271391,0.00270858,-0.00282752,0.00476409
0.274763,0.00505845,0.00503851,-0.00498302,0.00870661
0.335631,0.0068721,0.00678016,-0.00660779,0.0116987
0.386431,0.00853364,0.0084752,-0.00846684,0.0147085
0.447252,0.0107211,0.0107358,-0.0107876,0.0186164
0.507983,0.01237,0.012343,-0.0124225,0.0214402
0.568795,0.0106693,0.0106699,-0.0107651,0.0185356
0.629549,0.0156704,0.0156456,-0.0156932,0.0271407
0.69033,0.0172723,0.0173227,-0.0170877,0.0298395
0.751108,0.0199538,0.0199135,-0.0198741,0.0344918
0.813269,0.0267813,0.0265928,-0.0268618,0.0463246
0.874555,0.0177335,0.017539,-0.0175469,0.0304957
0.935452,0.0189102,0.0188697,-0.0186523,0.0325818
0.986271,0.0262198,0.0262438,-0.0261687,0.0453984
1.04705,0.0289377,0.0286342,-0.0288572,0.0499004
1.1079,0.0299873,0.0299545,-0.0297892,0.0518064
1.16867,0.0324921,0.0323698,-0.0323131,0.0561042
1.22961,0.0341596,0.0338522,-0.0341196,0.0589661
1.29043,0.0266691,0.0266917,-0.0263352,0.0460134
1.35128,0.0380892,0.0377527,-0.0380396,0.06575
1.41209,0.0387077,0.0384703,-0.0380262,0.066515
1.4729,0.0416622,0.041404,-0.0412741,0.0717885
1.53369,0.0411561,0.0409231,-0.0410261,0.0710751
1.59444,0.0323893,0.0324344,-0.032371,0.0561155
1.65535,0.0389289,0.0387391,-0.0392559,0.067507
1.7062,0.0369922,0.0368284,-0.0364753,0.0636805
1.76697,0.0352472,0.0349556,-0.035209,0.06086
1.82763,0.0329021,0.0327936,-0.032568,0.0567331
1.88841,0.0317098,0.0316595,-0.031856,0.0549785
1.9492,0.0290195,0.0287045,-0.0287428,0.0499222
2.00995,0.0210351,0.0211293,-0.0209572,0.0364435
2.07058,0.0257537,0.025555,-0.0255113,0.0443524
2.13165,0.02439,0.0241993,-0.0244953,0.042196
2.19277,0.0223692,0.0224115,-0.0222292,0.0386884
2.25363,0.0203171,0.0203011,-0.0201589,0.0350899
2.31446,0.0184845,0.0184871,-0.0185986,0.0320836
2.3753,0.0125903,0.01259,-0.01274,0.0218936
2.43621,0.0153601,0.0153582,-0.0153127,0.0265761
2.48686,0.0134928,0.0134699,-0.0133636,0.0232826
2.54762,0.0113073,0.0112714,-0.0111778,0.0194895
2.60856,0.00998649,0.00993709,-0.0100124,0.0172836
2.66939,0.00586044,0.00582319,-0.00578132,0.0100835
2.73017,0.00627065,0.00622563,-0.00628795,0.0108452
2.7912,0.00451558,0.00443187,-0.00438412,0.00769756
2.8521,0.00225356,0.00225408,-0.00227706,0.0039172
2.91297,0.000836459,0.000824614,-0.000782758,0.00141151
timestamp,vx,vy,vz,vmag
3.089e-06,8.3125e-08,-1.04803e-06,2.90466e-06,3.08907e-06
0.0935437,-0.000191861,-0.00018928,0.00023142,0.000355236
0.154393,-0.00170609,-0.00170863,0.00164972,0.00292433
0.215151,-0.00339615,-0.00345902,0.00359195,0.0060333
0.275902,-0.00386216,-0.00385708,0.00386265,0.00668681
0.326695,-0.0069475,-0.00689815,0.00677508,0.011906
0.387467,-0.00835219,-0.00834239,0.00830365,0.0144328
0.448225,-0.0108839,-0.0109183,0.0108786,0.0188683
0.508953,-0.0121887,-0.0121894,0.012181,0.0211074
0.569856,-0.0106657,-0.0106502,0.0106339,0.0184462
0.630662,-0.0169537,-0.0168929,0.0170913,0.0294094
0.691553,-0.0176474,-0.017658,0.0176693,0.030585
0.752296,-0.0195286,-0.019836,0.019773,0.0341439
0.813169,-0.0214703,-0.0215691,0.0214056,0.0372075
0.873914,-0.0231292,-0.0231265,0.0233,0.0401582
0.934675,-0.0187134,-0.0187033,0.0188128,0.0324643
0.995865,-0.0264845,-0.0266034,0.0263921,0.045888
1.04675,-0.028941,-0.0291387,0.0291318,0.0503519
1.10748,-0.0303779,-0.0303482,0.0305178,0.0526799
1.1683,-0.0318962,-0.0322529,0.032145,0.0555961
1.22913,-0.0339586,-0.0340924,0.0341033,0.0589789
1.29103,-0.0265232,-0.0265896,0.0267732,0.0461225
1.35191,-0.037993,-0.038313,0.0379637,0.0659742
1.4131,-0.038703,-0.0386417,0.0390406,0.0671958
1.4738,-0.0414057,-0.0416276,0.0409007,0.0715552
1.53454,-0.0407803,-0.0409203,0.0414598,0.0711085
1.59528,-0.0410588,-0.0412641,0.0409167,0.0711529
1.65623,-0.0278707,-0.0280876,0.0284122,0.0487128
1.70716,-0.0372437,-0.0374146,0.0374778,0.0647421
1.76964,-0.0344647,-0.0346878,0.0346041,0.0599041
1.83086,-0.033004,-0.0331543,0.033481,0.0575279
1.89174,-0.0311605,-0.0313417,0.0311203,0.0540533
1.95258,-0.0291523,-0.0292609,0.0294372,0.0507208
2.01344,-0.0271631,-0.0272571,0.0272667,0.047162
2.07424,-0.0193531,-0.0194075,0.0191418,0.0334305
2.13502,-0.0242109,-0.0242546,0.0242564,0.0419861
2.19589,-0.0222239,-0.0221894,0.0225448,0.0386593
2.24654,-0.0201989,-0.0202992,0.0201335,0.0350059
2.30731,-0.0184614,-0.0185043,0.0183769,0.0319522
2.36818,-0.0168801,-0.0167914,0.0168885,0.0291909
2.42905,-0.0110126,-0.0110071,0.011056,0.0190963
2.49008,-0.013345,-0.0134074,0.0134849,0.0232312
2.55081,-0.0110087,-0.0110896,0.0110408,0.019133
2.61172,-0.00998755,-0.0101028,0.0100441,0.0173983
2.67259,-0.00769819,-0.00772046,0.00771356,0.0133554
2.73336,-0.0042885,-0.00430105,0.00424953,0.00741275
2.79414,-0.0044545,-0.0044092,0.00432937,0.00761756
2.85511,-0.00218787,-0.0021985,0.00224759,0.00383038
2.91682,-0.000810874,-0.000767841,0.000733942,0.00133633
timestamp,vx,vy,vz,vmag
2.715e-06,-2.28025e-06,8.25259e-07,-9.53737e-07,2.6058e-06
0.0408449,3.62038e-06,3.36587e-06,4.6979e-06,6.81957e-06
0.101647,0.000998588,0.00106498,0.000979302,0.00175795
0.162461,0.00218265,0.00222641,0.00209316,0.00375529
0.223252,0.00466564,0.00467267,0.00461304,0.00805495
0.284011,0.00433848,0.0043521,0.00436302,0.00753652
0.345724,0.00795094,0.00792728,0.0080613,0.0138219
0.396365,0.00950248,0.00941723,0.00947839,0.0163958
0.457167,0.0113943,0.0113787,0.011427,0.0197455
0.518287,0.0134946,0.0134347,0.013442,0.0233084
0.57909,0.015201,0.0152557,0.0152332,0.0263791
0.640185,0.0137173,0.0137349,0.0138178,0.0238274
0.700967,0.0188234,0.0186614,0.0187498,0.0324673
0.761777,0.0202525,0.0200176,0.0201311,0.034873
0.822663,0.0228867,0.0228604,0.0229944,0.039688
0.883411,0.0239477,0.0239099,0.023999,0.0414865
0.944315,0.0264538,0.0262302,0.0262885,0.0455951
1.00515,0.0205166,0.0205202,0.0205582,0.0355619
1.05581,0.0293108,0.0292392,0.0294429,0.050803
1.11935,0.0318413,0.0313977,0.0315167,0.0547082
1.18022,0.0333076,0.0333649,0.0336123,0.0578999
1.24107,0.0349778,0.0344949,0.0346345,0.0601073
1.30191,0.0375361,0.0374477,0.0376897,0.0650523
1.36267,0.0288193,0.0286479,0.0286907,0.0497434
1.42343,0.0410347,0.0407648,0.0411459,0.0709831
1.48417,0.0408707,0.0406004,0.0406599,0.0705127
1.54509,0.0413171,0.0412129,0.0413657,0.0715313
1.59573,0.0397254,0.0392194,0.0394881,0.0683782
1.65645,0.029708,0.0296619,0.0297416,0.0514486
1.71726,0.0354342,0.0349554,0.0352349,0.0609833
1.77812,0.0345351,0.0345531,0.0347503,0.0599515
1.83889,0.031831,0.0313018,0.0315361,0.0546584
1.89967,0.0304252,0.0304318,0.0305778,0.05279
1.96043,0.0284033,0.0282258,0.0282813,0.0490232
2.02133,0.0264434,0.0261226,0.0263064,0.0455375
2.08215,0.0188615,0.0190033,0.0189294,0.0327904
2.14297,0.0228292,0.0227399,0.0227957,0.0394704
2.20381,0.0214951,0.0212808,0.0214079,0.0370568
2.26466,0.0193664,0.0193284,0.0193203,0.033495
2.32555,0.0173787,0.0174025,0.0174672,0.0301657
2.38688,0.0156892,0.0157265,0.0156797,0.0271905
2.4376,0.01035,0.0103636,0.0103887,0.0179569
2.49829,0.0123008,0.0122381,0.0122307,0.021229
2.5593,0.0107127,0.0106185,0.0106351,0.0184559
2.62016,0.00823622,0.00821349,0.00827744,0.0142763
2.68096,0.00693272,0.0069008,0.00692598,0.0119855
2.74182,0.0047764,0.00475203,0.00478069,0.0082614
2.80257,0.0023288,0.00229603,0.00237308,0.00404061
2.86342,0.00166032,0.00165104,0.00169088,0.0028882
timestamp,vx,vy,vz,vmag
0.0304234,-1.01567e-06,3.263e-07,3.33067e-14,1.06679e-06
0.0912498,-0.000212768,-0.000213702,-0.000104418,0.000319127
0.151972,-0.00167719,-0.00176321,-0.00146782,0.0028419
0.212868,-0.0034714,-0.00350134,-0.00357796,0.00609195
0.27373,-0.00524919,-0.0052157,-0.00537266,0.00914456
0.334534,-0.00759079,-0.00756447,-0.00764187,0.013162
0.395302,-0.00882612,-0.00877091,-0.00888205,0.0152879
0.45613,-0.00833051,-0.00829272,-0.0082723,0.0143735
0.517136,-0.0124303,-0.0123657,-0.0124442,0.0215008
0.578103,-0.0141272,-0.0141343,-0.0142102,0.0245211
0.628965,-0.0165181,-0.0167449,-0.0165421,0.0287555
0.689793,-0.0127599,-0.0129078,-0.0128476,0.0222371
0.750684,-0.0211218,-0.0211967,-0.0210776,0.0366018
0.811388,-0.0215162,-0.0215138,-0.0214748,0.0372419
0.872228,-0.0230711,-0.0232769,-0.0232112,0.0401603
0.933026,-0.0255865,-0.0258319,-0.0256416,0.0444909
0.993841,-0.0266468,-0.0265501,-0.0265381,0.0460351
1.0547,-0.0292875,-0.0295878,-0.0294816,0.0510133
1.11551,-0.0229336,-0.0230696,-0.022961,0.0398166
1.1763,-0.0319617,-0.0319207,-0.0319048,0.0553028
1.23727,-0.0345077,-0.035023,-0.0347007,0.0601792
1.29837,-0.0351249,-0.0349864,-0.0348856,0.0606202
1.35998,-0.0386753,-0.0391628,-0.0390013,0.0674581
1.41072,-0.0400082,-0.0401154,-0.0397898,0.0692324
1.47169,-0.0302673,-0.0306261,-0.0305115,0.0527733
1.53289,-0.0414317,-0.0416761,-0.041327,0.0718429
1.59386,-0.0403573,-0.0406956,-0.0406212,0.070249
1.65477,-0.0381636,-0.0383132,-0.0379782,0.0660811
1.71561,-0.0370993,-0.0374409,-0.0372865,0.0645637
1.77665,-0.026048,-0.0259293,-0.0258105,0.0449111
1.83749,-0.0327823,-0.0331977,-0.0331416,0.0572288
1.89862,-0.0312012,-0.0310305,-0.0309595,0.0538043
1.94933,-0.0291072,-0.0295131,-0.02932,0.0507732
2.01012,-0.0269992,-0.0271662,-0.0270382,0.046883
2.07098,-0.0258119,-0.0257515,-0.0256397,0.0445734
2.13176,-0.0172146,-0.0174151,-0.0174256,0.0300546
2.19254,-0.0224846,-0.0225645,-0.0225481,0.0390273
2.25343,-0.0198535,-0.0198391,-0.0197086,0.0342955
2.31419,-0.0186227,-0.018683,-0.0186932,0.032331
2.37497,-0.0164976,-0.0165828,-0.0165577,0.0286587
2.43583,-0.0144826,-0.0144185,-0.0144671,0.0250387
2.49663,-0.0128759,-0.0127841,-0.0128129,0.0222125
2.55745,-0.00812656,-0.00820192,-0.00813616,0.0141248
2.60827,-0.00959798,-0.00973822,-0.00968506,0.0167557
2.66901,-0.0075866,-0.00762024,-0.00758272,0.0131576
2.72984,-0.00564135,-0.00564822,-0.00569778,0.00980775
2.79061,-0.00396885,-0.00395072,-0.00399942,0.00688152
2.85137,-0.00137663,-0.00139378,-0.00134479,0.00237617
